id,change,fields,reason,merged_into,approval
q-0001,修正,lesson source_keys,延長の例外を区別する基礎境界。通常育休と出生時育休の混同防止に維持。 本文・全選択肢・正答・解説・登録済み誤答説明を照合。全体の範囲網羅性、他の全設問との類似及び模試セット評価は別途未完了。 賃金支払レッスンへの誤配置を労働時間・休業レッスンへ修正。,,complete
q-0003,修正,explanation,雇入れ直後と将来の変更範囲を比較する。2024年追加事項として維持。 本文・全選択肢・正答・解説・登録済み誤答説明を照合。全体の範囲網羅性、他の全設問との類似及び模試セット評価は別途未完了。,,complete
q-0004,修正,choices,旧Aの「予告して解除できる」も成立する曖昧さを除去。権利と義務を区別できる。 本文・全選択肢・正答・解説・登録済み誤答説明を照合。全体の範囲網羅性、他の全設問との類似及び模試セット評価は別途未完了。,,complete
q-0005,修正,study_tier topic_key,q-0028の同じ下限判断を統合し本問を通常コア化。人数と単位を同時に判断できる。 本文・全選択肢・正答・解説・登録済み誤答説明を照合。全体の範囲網羅性、他の全設問との類似及び模試セット評価は別途未完了。 学習目標を就業規則の専用論点rules.work-rulesに対応付けた。同じ就業規則技能であり、旧q-0028の習熟は移行しない。,,complete
q-0008,修正,choices question_text,過半数組合不存在の条件と意見／同意の区別を明確化。改訂後は正答一意。 本文・全選択肢・正答・解説・登録済み誤答説明を照合。全体の範囲網羅性、他の全設問との類似及び模試セット評価は別途未完了。,,complete
q-0009,修正,source_keys,電子媒体に保存するだけでは足りないことを説明している。表参照不要。 本文・全選択肢・正答・解説・登録済み誤答説明を照合。全体の範囲網羅性、他の全設問との類似及び模試セット評価は別途未完了。,,complete
q-0013,修正,explanation,合理性の判断要素と個別に変更しないと合意した条件の例外を補足。 本文・全選択肢・正答・解説・登録済み誤答説明を照合。全体の範囲網羅性、他の全設問との類似及び模試セット評価は別途未完了。,,complete
q-0015,修正,explanation,業務内容・責任と配置変更の範囲を照合する均等待遇。q-0014の均衡待遇と区別する。 本文・全選択肢・正答・解説・登録済み誤答説明を照合。全体の範囲網羅性、他の全設問との類似及び模試セット評価は別途未完了。,,complete
q-0017,修正,question_text,予告日数の下限を問うよう修正。除外者を含まない条件で比較可能。 本文・全選択肢・正答・解説・登録済み誤答説明を照合。全体の範囲網羅性、他の全設問との類似及び模試セット評価は別途未完了。,,complete
q-0021,修正,explanation,繰越を必ず求める説明を除き、当期上限と1回上限を両方守る説明に修正。 本文・全選択肢・正答・解説・登録済み誤答説明を照合。全体の範囲網羅性、他の全設問との類似及び模試セット評価は別途未完了。,,complete
q-0022,修正,explanation,退職に伴う特別な支払期限を確認。一部紛争の場合も非紛争部分は期限内と補足。 本文・全選択肢・正答・解説・登録済み誤答説明を照合。全体の範囲網羅性、他の全設問との類似及び模試セット評価は別途未完了。,,complete
q-0024,修正,explanation,治療費と休業中の所得補償を区別する。労災保険相当給付による補償責任免除を補足。 本文・全選択肢・正答・解説・登録済み誤答説明を照合。全体の範囲網羅性、他の全設問との類似及び模試セット評価は別途未完了。,,complete
q-0025,修正,explanation,療養補償との違いと算定基礎を説明。保険給付との責任関係も補った。 本文・全選択肢・正答・解説・登録済み誤答説明を照合。全体の範囲網羅性、他の全設問との類似及び模試セット評価は別途未完了。,,complete
q-0026,修正,question_text,法定内残業と混同しないよう法定時間外と明記し、実例で法令優先を学べる。 本文・全選択肢・正答・解説・登録済み誤答説明を照合。全体の範囲網羅性、他の全設問との類似及び模試セット評価は別途未完了。,,complete
q-0027,修正,choices explanation,周知を合理性の一要素と混同した記述を修正し、独立した要件とした。 本文・全選択肢・正答・解説・登録済み誤答説明を照合。全体の範囲網羅性、他の全設問との類似及び模試セット評価は別途未完了。,,complete
q-0028,退役,,事業場で常時10人以上という同じ下限判断。q-0005は事業場単位も併せて問うため残し通常コアへ変更する。旧IDの解答・習熟履歴を保持し、統合先への習熟の自動移行はしない。,q-0005,retired
q-0031,修正,explanation,協定だけで本人の積立参加・負担義務まで成立する誤解を避ける説明を補足。 本文・全選択肢・正答・解説・登録済み誤答説明を照合。全体の範囲網羅性、他の全設問との類似及び模試セット評価は別途未完了。,,complete
q-0034,修正,source_keys,最低時間を問うため任意に長く休むケースと混同しない。q-0040の6時間境界を本問へ統合。 全体の範囲・他の全設問との類似・模試セット評価は未完了。,,complete
q-0035,修正,choices explanation source_keys,電話が鳴らない待機も含む実態判断。q-0044の統合先として維持。 全体の範囲・他の全設問との類似・模試セット評価は未完了。,,complete
q-0036,修正,choices common_mistake difficulty distractor_feedback explanation misconception_key question_text role source_keys,通常q-0068と同じ日数の暗記から、起算日を固定した変形休日制のケース適用へ修正。知識枠を維持。 全体の範囲・他の全設問との類似・模試セット評価は未完了。,,complete
q-0037,修正,source_keys,休日区分と週の法定時間外を別々に判断する。設問は週超過なしと指定。 全体の範囲・他の全設問との類似・模試セット評価は未完了。,,complete
q-0038,修正,source_keys,原則を問うため変形制等の個別日上限とは区別。q-0039適用の前提として維持。 全体の範囲・他の全設問との類似・模試セット評価は未完了。,,complete
q-0039,修正,question_text source_keys,休憩除外・法定休日ではない・変形制なし・週追加超過なしの条件を補った現行版を確認。 全体の範囲・他の全設問との類似・模試セット評価は未完了。,,complete
q-0040,退役,,6時間ちょうどの最低休憩という同じ境界判断はq-0034の全肢比較で扱う。 異なる応用条件がないため統合。旧履歴を保持して配信停止し、統合先への習熟自動移行は行わない。,q-0034,retired
q-0041,修正,choices common_mistake distractor_feedback explanation question_text role source_keys,q-0034の単なる8時間境界の再出題を、残業後の必要休憩の再判定に改訂。金額計算ではなく知識適用枠。 全体の範囲・他の全設問との類似・模試セット評価は未完了。,,complete
q-0042,修正,source_keys,量だけでなく与える時点を学ぶ。q-0041の残業ケースとは観点を分ける。 全体の範囲・他の全設問との類似・模試セット評価は未完了。,,complete
q-0043,修正,source_keys,原則対象の事業場という限定あり。法令による業種例外は別枠として説明。 全体の範囲・他の全設問との類似・模試セット評価は未完了。,,complete
q-0044,退役,,電話当番の待機は休憩でなく労働時間という同じ判断。条件を明確にした通常コアq-0035に統合する。旧IDの解答・習熟履歴を保持し、統合先への習熟の自動移行はしない。,q-0035,retired
q-0045,退役,,6時間超8時間以下の最低休憩45分という同じ判断。複数の境界を比較する通常コアq-0034に統合する。旧IDの解答・習熟履歴を保持し、統合先への習熟の自動移行はしない。,q-0034,retired
q-0046,修正,category source_keys,基本3原則を組み合わせる補強として維持。年休という誤ったカテゴリを休憩へ修正。 全体の範囲・他の全設問との類似・模試セット評価は未完了。,,complete
q-0047,修正,explanation question_text source_keys,予定日＝出生日を指定した現行版を確認。早産・予定日超過の起算点と末日を条文に合わせて説明。 全体の範囲・他の全設問との類似・模試セット評価は未完了。,,complete
q-0048,修正,source_keys,原則最初に2回分まとめて申出することも確認。通常育休の2回とは別枠。 全体の範囲・他の全設問との類似・模試セット評価は未完了。,,complete
q-0049,修正,source_keys,要介護状態ごとに93日を更新しない点まで説明。介護休暇の年5・10日と別制度。 全体の範囲・他の全設問との類似・模試セット評価は未完了。,,complete
q-0050,修正,question_text source_keys,所定外労働の制限の年齢範囲を確認。事業正常運営等の例外を解説で限定。 全体の範囲・他の全設問との類似・模試セット評価は未完了。,,complete
q-0051,修正,source_keys,事業主が任意に除外できるとはせず、業務性質・労使協定・代替措置の条件を確認。 全体の範囲・他の全設問との類似・模試セット評価は未完了。,,complete
q-0052,修正,explanation source_keys,2025年10月施行日と全5措置を補足。3歳未満の短時間勤務義務と分ける。 全体の範囲・他の全設問との類似・模試セット評価は未完了。,,complete
q-0053,修正,explanation question_text source_keys,要介護状態の対象家族という範囲を明示。2025年4月施行の努力義務と確認。 全体の範囲・他の全設問との類似・模試セット評価は未完了。,,complete
q-0054,修正,source_keys,不利益取扱い禁止と休業中の賃金支払義務を分ける基礎として維持。 全体の範囲・他の全設問との類似・模試セット評価は未完了。,,complete
q-0055,修正,source_keys,外勤・テレワークという名称だけで適用しない。q-0058の同じ要件判断を統合。 全体の範囲・他の全設問との類似・模試セット評価は未完了。,,complete
q-0056,修正,explanation question_text source_keys,内外合計で通常所定内という条件を明示し、通常必要時間＋内勤実時間との混同を防止。 全体の範囲・他の全設問との類似・模試セット評価は未完了。,,complete
q-0057,修正,common_mistake explanation question_text role source_keys,条件付き加算に修正した現行版を再確認。旧根拠PDF000902876は裁量労働制の資料で誤引用のため兵庫労働局の事業場外労働解説へ差替え。 全体の範囲・他の全設問との類似・模試セット評価は未完了。,,complete
q-0058,退役,,事業場外かつ労働時間算定困難という同じ適用要件はq-0055で扱う。 異なる応用条件がないため統合。旧履歴を保持して配信停止し、統合先への習熟自動移行は行わない。,q-0055,retired
q-0059,修正,source_keys,2024年4月に追加された専門業務型本人同意を現行一次資料で確認。 全体の範囲・他の全設問との類似・模試セット評価は未完了。,,complete
q-0060,修正,source_keys,決議の届出も解説で確認。通常の専門業務型手続との差を測る模試枠。 全体の範囲・他の全設問との類似・模試セット評価は未完了。,,complete
q-0061,修正,source_keys,みなし制度でも休日・深夜を把握する必要がある。通常日のみなし時間超過と区別。 全体の範囲・他の全設問との類似・模試セット評価は未完了。,,complete
q-0062,修正,source_keys,専門業務型と企画業務型の根拠の違いも説明する入口。 全体の範囲・他の全設問との類似・模試セット評価は未完了。,,complete
q-0063,修正,source_keys,1か月超の届出と時間外判定も説明。退役q-0065の同一技能を引受ける通常コア。 全体の範囲・他の全設問との類似・模試セット評価は未完了。,,complete
q-0064,修正,source_keys,清算期間の総労働時間という条件付きであり労働時間が無制限に自由な制度ではない。 全体の範囲・他の全設問との類似・模試セット評価は未完了。,,complete
q-0065,退役,,q-0063と清算期間の法定上限3か月という同じ境界判断を問う。異なる条件・応用技能がないため統合。q-0065の学習履歴は保持し配信を停止する。q-0063への習熟の自動移行は行わない。,q-0063,retired
q-0066,修正,source_keys,通常q-0064の始終業選択に加えコアタイムが必須かを確認する模試知識枠。 全体の範囲・他の全設問との類似・模試セット評価は未完了。,,complete
q-0067,修正,common_mistake explanation source_keys,旧解説の週平均50時間を絶対上限と読める説明を修正。超過を月別時間外として扱い清算時の二重計上を防ぐ。 全体の範囲・他の全設問との類似・模試セット評価は未完了。,,complete
q-0068,修正,distractor_feedback explanation question_text source_keys,旧本文ではB・Dも適法で正答が一意でなかった。最低基準の組合せに限定して再照合。 全体の範囲・他の全設問との類似・模試セット評価は未完了。,,complete
q-0069,修正,source_keys,週休2日両方が自動的に法定休日にならない説明を維持。通常q-0037との技能類似は残り、全模試横断で再評価する。 全体の範囲・他の全設問との類似・模試セット評価は未完了。,,complete
q-0070,修正,explanation source_keys,事前振替と事後代休を対比し、週をまたぐ場合の時間外割増を解説へ補足。 全体の範囲・他の全設問との類似・模試セット評価は未完了。,,complete
q-0071,修正,question_text source_keys,週40時間の事業場・日単位との二重計上なしを補足。 全体の範囲・全模試間の類似・難易度は未判定。,,complete
q-0072,修正,category choices distractor_feedback explanation question_text role source_keys,旧A・Bも休日付与として適法で複数正解だった。曜日の任意性の適用へ改訂し、q-0036の4週4日のケースと分ける。 全体の範囲・全模試間の類似・難易度は未判定。,,complete
q-0073,修正,source_keys,q-0069は模試保持のため、通常学習で休日区分を学べる本問を維持。 全体の範囲・全模試間の類似・難易度は未判定。,,complete
q-0074,退役,,振替休日の事前交換という同一定義。 異なる技能を追加しない類題として統合。旧履歴を保持し配信停止。統合先の習熟へ自動移行しない。,q-0070,retired
q-0075,修正,source_keys,事前振替のq-0070、跨週のq-0071と対比できる。 全体の範囲・全模試間の類似・難易度は未判定。,,complete
q-0076,修正,source_keys,模試の定義問題は維持。通常q-0080に前提説明を補いコア化し、模試前に学べるようにする。 全体の範囲・全模試間の類似・難易度は未判定。,,complete
q-0077,修正,source_keys,全4業種と映画製作除外、1日8時間を解説で確認。q-0081の重複を統合。 全体の範囲・全模試間の類似・難易度は未判定。,,complete
q-0078,修正,source_keys,法定内残業の定義を、休日・深夜・休憩と分けて維持。 全体の範囲・全模試間の類似・難易度は未判定。,,complete
q-0079,修正,explanation question_text source_keys,法定休日等の条件不足を解消。q-0083を統合し、所定外・法定内という分類と通常賃金の支払を説明。 全体の範囲・全模試間の類似・難易度は未判定。,,complete
q-0080,修正,category explanation source_keys study_tier,q-0038は模試用のため通常の入口としてコア化。q-0082の所定時間定義を解説に統合。 全体の範囲・全模試間の類似・難易度は未判定。,,complete
q-0081,退役,,44時間特例の4業種・10人未満と1日8時間はq-0077の解説を含めて扱う。 異なる技能を追加しない類題として統合。旧履歴を保持し配信停止。統合先の習熟へ自動移行しない。,q-0077,retired
q-0082,退役,,所定時間の定義は通常コアq-0080の解説へ統合。 異なる技能を追加しない類題として統合。旧履歴を保持し配信停止。統合先の習熟へ自動移行しない。,q-0080,retired
q-0083,退役,,7時間所定から8時間働く法定内残業の同じ境界。 異なる技能を追加しない類題として統合。旧履歴を保持し配信停止。統合先の習熟へ自動移行しない。,q-0079,retired
q-0084,修正,question_text source_keys,比例付与対象外・前倒しなし・法定初回の条件を明記して一意に。q-0087を統合。 全体の範囲・全模試間の類似・難易度は未判定。,,complete
q-0085,修正,explanation source_keys,週単位の条件を確認。q-0090を統合し年間216日以下にも30時間未満が必要と説明。 全体の範囲・全模試間の類似・難易度は未判定。,,complete
q-0086,修正,explanation reference_sheet_slugs source_keys,表を実装し行・列の読み方を解説。原本3頁の画像で行列と全境界値を確認。 全体の範囲・全模試間の類似・難易度は未判定。,,complete
q-0087,退役,,初回6か月・8割・10日の同じ付与要件。 異なる技能を追加しない類題として統合。旧履歴を保持し配信停止。統合先の習熟へ自動移行しない。,q-0084,retired
q-0088,修正,explanation question_text reference_sheet_slugs source_keys,各回の出勤率要件・新規付与であることを明記。新しい表の通常行全7列を原本と照合。 全体の範囲・全模試間の類似・難易度は未判定。,,complete
q-0089,修正,choices explanation question_text reference_sheet_slugs role source_keys,単なる上限20日の重複を、繰越を含む保有との区別へ改訂。前年分が失効していないと指定。 全体の範囲・全模試間の類似・難易度は未判定。,,complete
q-0090,退役,,週4日以下・30時間未満の同じ比例付与要件。年間216日の説明も統合。 異なる技能を追加しない類題として統合。旧履歴を保持し配信停止。統合先の習熟へ自動移行しない。,q-0085,retired
q-0091,修正,explanation question_text reference_sheet_slugs source_keys,継続6か月と8割出勤の条件を補い、表の行・列から読む手順を説明。 全体の範囲・全模試間の類似・難易度は未判定。,,complete
q-0092,修正,source_keys,同じ要件でも日数は所定時間・日数により比例付与となる旨を解説で限定。 全体の範囲・全模試間の類似・難易度は未判定。,,complete
q-0093,修正,source_keys,育児・介護・産前産後休業も列挙。年休取得日は取得による出勤率低下を生じさせない。 全体の範囲・全模試間の類似・難易度は未判定。,,complete
q-0094,修正,explanation question_text source_keys,当年法定10日以上・基準日から1年という適用条件を補足。q-0100の同一判断を統合。 全体の範囲・全模試間の類似・難易度は未判定。,,complete
q-0095,修正,source_keys,q-0102のDも許される取扱いで複数正解。義務が明確な本問へ統合。 全体の範囲・全模試間の類似・難易度は未判定。,,complete
q-0096,修正,choices source_keys,正答肢にも「正常な」と「他の時季」を補い、単なる拒否権と区別。 全体の範囲・全模試間の類似・難易度は未判定。,,complete
q-0097,修正,choices distractor_feedback explanation question_text role source_keys,通常q-0105は導入の基礎、模試本問は繰越を含めた対象日数の適用へ変更。 全体の範囲・全模試間の類似・難易度は未判定。,,complete
q-0098,修正,source_keys,q-0106を統合。分単位ではなく時間単位という制度と届出不要を確認。 全体の範囲・全模試間の類似・難易度は未判定。,,complete
q-0099,修正,explanation source_keys,法39条9項の5円境界・10円単位丸めを追加。q-0108を統合。 全体の範囲・全模試間の類似・難易度は未判定。,,complete
q-0100,退役,,本人取得・計画年休を5日から控除する同じ判断。 異なる技能を追加しない類題として統合。旧履歴を保持し配信停止。統合先の習熟へ自動移行しない。,q-0094,retired
q-0101,修正,choices explanation question_text source_keys,時間単位は不算入という単純反復から、半日と時間単位が混在する取得管理へ改訂。 全体の範囲・全模試間の類似・難易度は未判定。,,complete
q-0102,退役,,旧Dの本人同意も許される取扱いで正答一意でない。同じ意見聴取義務をq-0095へ統合。 異なる技能を追加しない類題として統合。旧履歴を保持し配信停止。統合先の習熟へ自動移行しない。,q-0095,retired
q-0103,修正,source_keys,q-0096の基本に対し、変更理由として不十分な例を比較する補強として維持。 全体の範囲・全模試間の類似・難易度は未判定。,,complete
q-0104,修正,source_keys,時季変更権は残ることを「原則」で限定。私用だから不承認という誤解を防ぐ。 全体の範囲・全模試間の類似・難易度は未判定。,,complete
q-0105,修正,explanation source_keys study_tier,模試q-0097の事前解放に頼らない通常コアへ昇格。繰越と届出不要を解説へ補足。 全体の範囲・全模試間の類似・難易度は未判定。,,complete
q-0106,退役,,労使協定・年5日の同じ時間単位年休の導入要件。 異なる技能を追加しない類題として統合。旧履歴を保持し配信停止。統合先の習熟へ自動移行しない。,q-0098,retired
q-0107,修正,source_keys,本人の時間単位請求と使用者の計画割当を分ける制度横断の基礎。 全体の範囲・全模試間の類似・難易度は未判定。,,complete
q-0108,退役,,平均・通常・標準報酬という3方式の同じ列挙。 異なる技能を追加しない類題として統合。旧履歴を保持し配信停止。統合先の習熟へ自動移行しない。,q-0099,retired
q-0109,修正,explanation source_keys,3方式のq-0099に対する導入手続の補強。標準報酬月額を30で割った後の丸めも補足。 全体の範囲・全模試間の類似・難易度は未判定。,,complete
q-0110,修正,source_keys,原則日単位、時間単位には協定、半日には希望と同意という3者比較に維持。 全体の範囲・全模試間の類似・難易度は未判定。,,complete
q-0111,修正,source_keys,賃金請求権の時効改正と混同しない。翌年繰越との関係を維持。 全体の範囲・全模試間の類似・難易度は未判定。,,complete
q-0113,修正,choices,正答肢にも業務の限定を明記。単なる医師の許可で全業務に復帰できるとの誤解を防ぐ。 全体の範囲・模試間類似・難易度の最終判定は未完了。,,complete
q-0114,修正,explanation question_text source_keys study_tier,過半数労組がないという前提不足を修正。通常コア化しq-0123を統合、効果と割増を説明。 全体の範囲・模試間類似・難易度の最終判定は未完了。,,complete
q-0115,修正,source_keys,通常q-0114で前提を学べる。模試は協定と割増の両立を維持。 全体の範囲・模試間類似・難易度の最終判定は未完了。,,complete
q-0116,修正,question_text source_keys,特例・適用除外なしと通常制度を明記。q-0124の同じ数値暗記を統合。 全体の範囲・模試間類似・難易度の最終判定は未完了。,,complete
q-0117,修正,source_keys,恒常的な残業を特別条項で正当化する誤りを確認する。 全体の範囲・模試間類似・難易度の最終判定は未完了。,,complete
q-0118,修正,choices explanation question_text source_keys,休日を法定休日と限定。所定休日の法定時間外を誤って除外しない説明。q-0125を統合。 全体の範囲・模試間類似・難易度の最終判定は未完了。,,complete
q-0119,修正,choices question_text source_keys,旧Cは必要条件ではあったため、完全な集計対象と境界を問うよう限定。q-0126統合。 全体の範囲・模試間類似・難易度の最終判定は未完了。,,complete
q-0120,修正,choices distractor_feedback explanation question_text role source_keys,模試の単純暗記を独立に作成したケースへ変更。通常q-0127で集計基準を先に学ぶ。 全体の範囲・模試間類似・難易度の最終判定は未完了。,,complete
q-0121,修正,question_text source_keys,最大月数を問うと明確。特例等なしの条件を補いq-0128統合。 全体の範囲・模試間類似・難易度の最終判定は未完了。,,complete
q-0122,修正,explanation question_text source_keys study_tier,各上限の並存を通常コア化。法定休日を含む集計と含まない集計も補足。 全体の範囲・模試間類似・難易度の最終判定は未完了。,,complete
q-0123,退役,,36協定の効果を手続の説明に統合。旧Aの法定内労働自体も可能なので協定の効果との違いを明記。 別技能の演習を増やさないため統合。旧履歴を保持し配信停止。統合先への習熟の自動移行はしない。,q-0114,retired
q-0124,退役,,通常月45・年360の同一判断。 別技能の演習を増やさないため統合。旧履歴を保持し配信停止。統合先への習熟の自動移行はしない。,q-0116,retired
q-0125,退役,,年720の集計対象の同一判断。 別技能の演習を増やさないため統合。旧履歴を保持し配信停止。統合先への習熟の自動移行はしない。,q-0118,retired
q-0126,退役,,単月合計100未満の同一判断。 別技能の演習を増やさないため統合。旧履歴を保持し配信停止。統合先への習熟の自動移行はしない。,q-0119,retired
q-0127,修正,choices explanation question_text source_keys study_tier,通常コア化し模試q-0120の基礎を用意。80ちょうど可と100ちょうど不可を区別。 全体の範囲・模試間類似・難易度の最終判定は未完了。,,complete
q-0128,退役,,45時間超の月数最大6の同一判断。 別技能の演習を増やさないため統合。旧履歴を保持し配信停止。統合先への習熟の自動移行はしない。,q-0121,retired
q-0129,修正,question_text source_keys,3か月以下まで例外を広げない。労働時間配分10/52とは別の時間外の限度。 全体の範囲・模試間類似・難易度の最終判定は未完了。,,complete
q-0130,修正,source_keys topic_key,誤分類labor.overtime-agreementをlabor.supervisorへ修正。基本の適用関係として維持。 全体の範囲・模試間類似・難易度の最終判定は未完了。,,complete
q-0131,修正,choices explanation question_text source_keys,q-0130と同じ夜間割増の反復を、職務権限・勤務裁量・待遇のケースへ変更。改訂により習熟は再確認対象。 全体の範囲・模試間類似・難易度の最終判定は未完了。,,complete
q-0132,修正,question_text source_keys,週44特例なしを明示。q-0136の同じ制度定義を統合。 全体の範囲・模試間類似・難易度の最終判定は未完了。,,complete
q-0133,修正,explanation source_keys,小規模特例でも年変形は40であることを補足。通常の前提として労使協定届出も説明。 全体の範囲・模試間類似・難易度の最終判定は未完了。,,complete
q-0134,修正,choices explanation question_text role source_keys,模試を小規模特例との組合せへ。通常q-0141をコア化し基礎から学べる。 全体の範囲・模試間類似・難易度の最終判定は未完了。,,complete
q-0135,修正,explanation question_text source_keys,月単位と限定し、週非定型の緊急変更と混同しない。q-0137統合。 全体の範囲・模試間類似・難易度の最終判定は未完了。,,complete
q-0136,退役,,月単位の対象期間と週平均の同一定義。 別技能の演習を増やさないため統合。旧履歴を保持し配信停止。統合先への習熟の自動移行はしない。,q-0132,retired
q-0137,退役,,月単位の事前勤務特定と事後変更不可の同一判断。 別技能の演習を増やさないため統合。旧履歴を保持し配信停止。統合先への習熟の自動移行はしない。,q-0135,retired
q-0138,修正,explanation source_keys,協定の届出、10人以上の規則届出、36協定との違いを補足。 全体の範囲・模試間類似・難易度の最終判定は未完了。,,complete
q-0139,修正,explanation source_keys,分割時の勤務特定が法定手続で可能なことを説明。全期間の各日を初日に定める以外不可という誤解を防ぐ。 全体の範囲・模試間類似・難易度の最終判定は未完了。,,complete
q-0140,修正,explanation question_text source_keys,所定時間の配分上限と限定。原表画像で48超の連続3週・各3か月3回とタクシー特例を確認。 全体の範囲・模試間類似・難易度の最終判定は未完了。,,complete
q-0141,修正,explanation source_keys study_tier,通常コア化。週40・日10・事前書面・緊急客観事情の前日通知と届出を説明。 全体の範囲・模試間類似・難易度の最終判定は未完了。,,complete
q-0142,修正,choices explanation question_text source_keys,保有10日と新規10日を区別。本人取得済みでも追加5日指定する誤解を防ぐ。 全体の範囲・模試間類似・難易度の最終判定は未完了。,,complete
q-0143,修正,choices distractor_feedback explanation question_text source_keys,模試の5－3という通常問題との重複を、繰越と対象判定のケースへ改訂。通常q-0142で判断条件を学べる。 全体の範囲・模試間類似・難易度の最終判定は未完了。,,complete
q-0144,修正,explanation question_text role source_keys,q-0084と同じ要件暗記を出勤率ちょうど80％の適用に。比例対象外と出勤率の分母分子を限定。 全体の範囲・模試間類似・難易度の最終判定は未完了。,,complete
q-0145,修正,question_text source_keys,法定義務と会社独自の任意付与を分けるため前倒し・上乗せなしを明記。 全体の範囲・模試間類似・難易度の最終判定は未完了。,,complete
q-0146,退役,,別居を含む7種類と資格・皆勤・役職の除外不可を統合先で説明。 旧履歴保持・配信停止。統合先の習熟には自動移行しない。,q-0147,retired
q-0147,修正,explanation source_keys study_tier,通常コア化。別居・資格・役職・精皆勤の対比を解説へ集約。 全体の類題・模試構成・範囲の最終判定は未完了。,,complete
q-0148,修正,explanation source_keys study_tier,通常コア化し一律家族手当の例を補足。q-0169を統合。 全体の類題・模試構成・範囲の最終判定は未完了。,,complete
q-0149,修正,source_keys,原本の家族手当の除外できない例と同じ判断。q-0165を統合。 全体の類題・模試構成・範囲の最終判定は未完了。,,complete
q-0150,修正,source_keys,q-0149との条件差が結論を変える対比として維持。q-0164を統合。 全体の類題・模試構成・範囲の最終判定は未完了。,,complete
q-0151,修正,source_keys,住宅費連動のq-0152と対比。名称だけでは除外できない。 全体の類題・模試構成・範囲の最終判定は未完了。,,complete
q-0152,修正,explanation source_keys,住宅形態だけで定額支給する反例を追加しq-0168を統合。原本の賃貸・持ち家の反例を画像確認。 全体の類題・模試構成・範囲の最終判定は未完了。,,complete
q-0153,修正,source_keys,q-0154との費用連動の対比に維持。q-0166を統合。 全体の類題・模試構成・範囲の最終判定は未完了。,,complete
q-0154,修正,explanation source_keys,税の非課税限度との混同を補足しq-0167を統合。 全体の類題・模試構成・範囲の最終判定は未完了。,,complete
q-0155,修正,explanation source_keys,毎月変動でも臨時とは限らない。出来高部分の分母は実労働総時間である旨を補いq-0174を統合。 全体の類題・模試構成・範囲の最終判定は未完了。,,complete
q-0156,退役,,本文で臨時の賃金と正答を示していたため、結婚の事由から判断する例へ統合。 旧履歴保持・配信停止。統合先の習熟には自動移行しない。,q-0173,retired
q-0157,退役,,毎月の資格手当が7種類外という同じ判断を統合先で説明。 旧履歴保持・配信停止。統合先の習熟には自動移行しない。,q-0147,retired
q-0158,修正,source_keys,個人的事情に応じた実態を明記しており、名称だけの列挙より一段適用した問題として維持。 全体の類題・模試構成・範囲の最終判定は未完了。,,complete
q-0159,修正,explanation source_keys,2024年4月5日通達の渡切りと実費精算の区別を説明。 全体の類題・模試構成・範囲の最終判定は未完了。,,complete
q-0160,修正,answer calc_params choices common_mistake explanation question_text source_keys,すべて月給・ほかの賃金なしと限定。1時間単価を求める模試計算であり1.25倍はまだしない。 全体の類題・模試構成・範囲の最終判定は未完了。,,complete
q-0161,修正,exam_role explanation question_text role source_keys study_tier,数値計算でないため知識・手順へ分類修正し通常コア化。月ごと時間が異なる条件を補足。 全体の類題・模試構成・範囲の最終判定は未完了。,,complete
q-0162,修正,choices explanation question_text source_keys,式の暗記重複を新しい平均時間算出へ。金額ではなく時間単価の前提を求める知識枠。 全体の類題・模試構成・範囲の最終判定は未完了。,,complete
q-0163,退役,,除外される7種類の列挙の重複。 旧履歴保持・配信停止。統合先の習熟には自動移行しない。,q-0147,retired
q-0164,退役,,扶養人数連動の家族手当の同じ判断。 旧履歴保持・配信停止。統合先の習熟には自動移行しない。,q-0150,retired
q-0165,退役,,全員一律の家族手当の同じ判断。 旧履歴保持・配信停止。統合先の習熟には自動移行しない。,q-0149,retired
q-0166,退役,,通勤距離・費用連動の同じ判断。 旧履歴保持・配信停止。統合先の習熟には自動移行しない。,q-0153,retired
q-0167,退役,,費用に関係ない一律通勤手当の同じ判断。 旧履歴保持・配信停止。統合先の習熟には自動移行しない。,q-0154,retired
q-0168,退役,,住宅費に連動する同じ判断。賃貸という形態だけでは除外不可との説明も統合。 旧履歴保持・配信停止。統合先の習熟には自動移行しない。,q-0152,retired
q-0169,退役,,名称でなく支給実態で判断する同じ原則。 旧履歴保持・配信停止。統合先の習熟には自動移行しない。,q-0148,retired
q-0170,退役,,毎月の役職手当は7種類外という同じ判断。 旧履歴保持・配信停止。統合先の習熟には自動移行しない。,q-0147,retired
q-0171,退役,,精皆勤手当は7種類外という同じ判断。 旧履歴保持・配信停止。統合先の習熟には自動移行しない。,q-0147,retired
q-0172,修正,explanation question_text role source_keys,単なる月給のまとめ払い・確定年俸の分割と区別する支給条件を補足。非数値のため役割を適用へ修正。 全体の類題・模試構成・範囲の最終判定は未完了。,,complete
q-0173,修正,explanation source_keys,賃金でない恩恵的支給と区別。答えを本文に直接含むq-0156を、事由から判断する本問へ統合。 全体の類題・模試構成・範囲の最終判定は未完了。,,complete
q-0174,退役,,毎月変動する業績手当は臨時でないという同じ判断。 旧履歴保持・配信停止。統合先の習熟には自動移行しない。,q-0155,retired
q-0175,修正,exam_role explanation question_text role source_keys,規則への計算法明示を補足。賃金の7種類の除外と実費精算の対象外を区別。数値なしのため知識枠に修正。 全体の類題・模試構成・範囲の最終判定は未完了。,,complete
q-0176,修正,choices question_text source_keys,固定残業代等との混同を避け通常職務の対価と明記。premium.calculation-baseの通常コアを保持。 模試全体の計算枠・初見性・網羅性の評価は別途未完了。,,complete
q-0177,修正,question_text source_keys,住宅費と無関係・月給は4項目のみと限定。通常の家族・住宅判断を組み合わせる模試として維持。 模試全体の計算枠・初見性・網羅性の評価は別途未完了。,,complete
q-0178,修正,source_keys,通常の基礎として維持。8時間超も時間外を重ねないという説明にq-0188・0189・0194・0205・0206を統合。 模試全体の計算枠・初見性・網羅性の評価は別途未完了。,,complete
q-0179,修正,explanation misconception_key question_text source_keys,模試を9時間目のケースに改訂して通常の率暗記と分ける。誤概念キーも法定外休日から休日時間外加算へ修正。 模試全体の計算枠・初見性・網羅性の評価は別途未完了。,,complete
q-0180,修正,common_mistake explanation question_text source_keys,代替休暇なしの条件を明記し、根拠なく頻出としていた表現を削除。q-0204統合。 模試全体の計算枠・初見性・網羅性の評価は別途未完了。,,complete
q-0181,修正,source_keys,超える／以上の境界を模試で確認。代替休暇なしが明記され条件を維持。 模試全体の計算枠・初見性・網羅性の評価は別途未完了。,,complete
q-0182,修正,source_keys,通常コアで最低率と総率を区別。q-0187・0203の同じ暗記を統合。 模試全体の計算枠・初見性・網羅性の評価は別途未完了。,,complete
q-0183,修正,question_text source_keys,総額と割増部分の区別を模試で維持。既存の独立期待値1800とも照合。知識枠の簡易金額計算と公式区分の比較は全体課題。 模試全体の計算枠・初見性・網羅性の評価は別途未完了。,,complete
q-0184,修正,explanation question_text source_keys,月60以内・深夜なしの不足条件を補う。q-0199を統合。 模試全体の計算枠・初見性・網羅性の評価は別途未完了。,,complete
q-0185,修正,question_text source_keys,条文上の指定例外と区別するため原則と明記。q-0202の率も既存説明に含むので統合。 模試全体の計算枠・初見性・網羅性の評価は別途未完了。,,complete
q-0186,修正,explanation question_text source_keys,深夜なしと明記。総率135％と法定外休日の区別を補いq-0201統合。 模試全体の計算枠・初見性・網羅性の評価は別途未完了。,,complete
q-0187,退役,,時間外25＋深夜25の同一判断。旧設問は最低率の指定も不足。 旧履歴を保持し配信停止。統合先への習熟の自動移行はしない。,q-0182,retired
q-0188,退役,,休日35＋深夜25の同一判断。 旧履歴を保持し配信停止。統合先への習熟の自動移行はしない。,q-0178,retired
q-0189,退役,,8時間超も休日時間外を加算しない説明に統合。 旧履歴を保持し配信停止。統合先への習熟の自動移行はしない。,q-0178,retired
q-0190,修正,explanation source_keys,法定外休日の法定時間外分は含む。36上限の100／80の集計との違いを補足、q-0207統合。 模試全体の計算枠・初見性・網羅性の評価は別途未完了。,,complete
q-0191,修正,explanation question_text source_keys,2023年4月1日の終了と労働者側の適用除外を区別。 模試全体の計算枠・初見性・網羅性の評価は別途未完了。,,complete
q-0192,修正,choices explanation question_text source_keys,超過部分の範囲を数量で判断。深夜・代替休暇なしを限定。q-0200統合。 模試全体の計算枠・初見性・網羅性の評価は別途未完了。,,complete
q-0193,修正,question_text source_keys,通常週40・月金各8・昼間・60超なしの条件不足を補う。q-0208統合。 模試全体の計算枠・初見性・網羅性の評価は別途未完了。,,complete
q-0194,退役,,法定休日に時間外を加算しない同じ理由。 旧履歴を保持し配信停止。統合先への習熟の自動移行はしない。,q-0178,retired
q-0195,退役,,休日付与の法定最低日数を労働時間の通常問題へ統合。旧Aの週2日も適法だった。 旧履歴を保持し配信停止。統合先への習熟の自動移行はしない。,q-0068,retired
q-0196,修正,question_text source_keys,月60以内・深夜なしを明記し25％の条件を限定。 模試全体の計算枠・初見性・網羅性の評価は別途未完了。,,complete
q-0197,修正,question_text source_keys,適用除外がない前提を本文へ移し、全労働者に同じ時間規制があると誤解させない。 模試全体の計算枠・初見性・網羅性の評価は別途未完了。,,complete
q-0198,退役,,36協定は割増義務を免除しない同じ判断。締結だけでなく届出が必要な説明も統合先にある。 旧履歴を保持し配信停止。統合先への習熟の自動移行はしない。,q-0114,retired
q-0199,退役,,通常時間外25％の同じ判断。 旧履歴を保持し配信停止。統合先への習熟の自動移行はしない。,q-0184,retired
q-0200,退役,,月60超の超過部分だけ50％の同じ判断。 旧履歴を保持し配信停止。統合先への習熟の自動移行はしない。,q-0192,retired
q-0201,退役,,昼間の法定休日35％の同じ判断。 旧履歴を保持し配信停止。統合先への習熟の自動移行はしない。,q-0186,retired
q-0202,退役,,深夜22～5時・25％の同じ判断。 旧履歴を保持し配信停止。統合先への習熟の自動移行はしない。,q-0185,retired
q-0203,退役,,通常時間外深夜50％の同じ判断。 旧履歴を保持し配信停止。統合先への習熟の自動移行はしない。,q-0182,retired
q-0204,退役,,60時間超の深夜75％の同じ判断。 旧履歴を保持し配信停止。統合先への習熟の自動移行はしない。,q-0180,retired
q-0205,退役,,法定休日深夜60％の同じ判断。 旧履歴を保持し配信停止。統合先への習熟の自動移行はしない。,q-0178,retired
q-0206,退役,,8時間超も法定休日に時間外を加算しない同じ判断。 旧履歴を保持し配信停止。統合先への習熟の自動移行はしない。,q-0178,retired
q-0207,退役,,法定休日は60時間に算入しない同じ判断。 旧履歴を保持し配信停止。統合先への習熟の自動移行はしない。,q-0190,retired
q-0208,退役,,法定外休日の週40超を時間外とする同じ判断。 旧履歴を保持し配信停止。統合先への習熟の自動移行はしない。,q-0193,retired
q-0209,修正,source_keys,5時の境界を時刻のケースで確認するため基本q-0185と分けて維持。 模試全体の計算枠・初見性・網羅性の評価は別途未完了。,,complete
q-0210,修正,question_text source_keys,法定休日でない・日週とも法定内・適用除外なしを補足。法定内残業とは別の時間帯判断。 模試全体の計算枠・初見性・網羅性の評価は別途未完了。,,complete
q-0211,修正,explanation question_text source_keys,深夜なし・月60以内・有効な規則・より高い個別合意なしを明示して率を一意にした。 公式の全技能と模試全体の監査は別途未完了。,,complete
q-0212,退役,,36協定で割増義務は免除されない同じ判断。 旧履歴を残し配信停止。習熟を自動移行しない。,q-0114,retired
q-0213,退役,,管理監督者の深夜割増の同じ判断。 旧履歴を残し配信停止。習熟を自動移行しない。,q-0130,retired
q-0214,退役,,60時間までは25％、超過部分だけ50％の同じ境界。 旧履歴を残し配信停止。習熟を自動移行しない。,q-0192,retired
q-0215,退役,,中小企業を含む適用の同じ判断。 旧履歴を残し配信停止。習熟を自動移行しない。,q-0191,retired
q-0216,退役,,所定7時間と法定8時間の区別を統合。旧版は週の超過条件が不足。 旧履歴を残し配信停止。習熟を自動移行しない。,q-0039,retired
q-0217,修正,difficulty exam_role explanation role source_keys,数値を算出しない制度判断なので計算分類を修正。区分・実績照合・支払期の説明を補足。 公式の全技能と模試全体の監査は別途未完了。,,complete
q-0218,修正,explanation source_keys,2時間の例を補い、率の加算と時間数の集計を分ける技能として維持。 公式の全技能と模試全体の監査は別途未完了。,,complete
q-0219,退役,,法定休日の最低日数の同じ判断。 旧履歴を残し配信停止。習熟を自動移行しない。,q-0068,retired
q-0220,退役,,法定外休日の時間外判定を条件明示したケースへ統合。 旧履歴を残し配信停止。習熟を自動移行しない。,q-0193,retired
q-0221,退役,,事前の休日振替という同じ判断。 旧履歴を残し配信停止。習熟を自動移行しない。,q-0070,retired
q-0222,退役,,事後の代休は法定休日割増を消さない同じ判断。 旧履歴を残し配信停止。習熟を自動移行しない。,q-0075,retired
q-0223,修正,explanation source_keys,q-0225の境界判断を統合。任意の許容処理で実時間計算も可能と補う。 公式の全技能と模試全体の監査は別途未完了。,,complete
q-0224,修正,explanation question_text source_keys,法定休日と明記し日週では丸めない説明、深夜重複時の区分を補足。q-0231統合。 公式の全技能と模試全体の監査は別途未完了。,,complete
q-0225,退役,,30分ちょうどを切り上げる同じ境界を基本説明へ統合。 旧履歴を残し配信停止。習熟を自動移行しない。,q-0223,retired
q-0226,退役,,日ごとの15分未満切捨て不可を13分のケースへ統合。 旧履歴を残し配信停止。習熟を自動移行しない。,q-0232,retired
q-0227,修正,answer calc_params explanation question_text source_keys topic_key,端数処理を問わないため時間単価計算の論点へ移す。算定基礎の時給と総額の段階を明記。 公式の全技能と模試全体の監査は別途未完了。,,complete
q-0228,修正,answer calc_params choices common_mistake explanation question_text source_keys,通常コアで月合計の丸めを金額に適用する問題として維持。算定基礎と時給を限定。 公式の全技能と模試全体の監査は別途未完了。,,complete
q-0229,修正,answer calc_params choices common_mistake explanation question_text source_keys,月給のみ・月ごと所定時間が異なる条件を補う。給与控除の保険料とは境界が違う説明を維持。 公式の全技能と模試全体の監査は別途未完了。,,complete
q-0230,修正,explanation source_keys,単価と月額総額の丸め段階を分ける知識として維持。 公式の全技能と模試全体の監査は別途未完了。,,complete
q-0231,退役,,区分別の月合計という同じ判断。 旧履歴を残し配信停止。習熟を自動移行しない。,q-0224,retired
q-0232,修正,source_keys,毎日の端数の扱いを具体例で確認する通常コアとして維持、q-0226統合。 公式の全技能と模試全体の監査は別途未完了。,,complete
q-0233,修正,answer calc_params explanation question_text source_keys,算定基礎となる時給に限定し通常分と割増部分の途中式を補う。 公式の全技能と模試全体の監査は別途未完了。,,complete
q-0234,退役,,月給の時間換算の同一式を条件補足済みの基礎へ統合。q-0233・0227は模試専用なので通常コアとは数えない。通常コアq-0161で月給の時間換算を学び、q-0236を通常コアとして複合計算へ進む。 旧履歴を残し配信停止。習熟を自動移行しない。,q-0161,retired
q-0235,退役,,年間時間÷12の式を1920時間の適用ケースへ統合。 旧履歴を残し配信停止。習熟を自動移行しない。,q-0162,retired
q-0236,修正,explanation question_text source_keys study_tier,本文が75％と1.75倍を重ねて指示していたため、適用率を自分で判断する条件へ改訂。代替休暇なしを明記。 公式の全技能と模試全体の監査は別途未完了。 q-0233・0227が模試専用であることを再確認。q-0161の時間換算、q-0180の率の基礎を踏まえた通常コア計算に指定し、模試の事前解放に頼らない。,,complete
q-0237,修正,explanation question_text source_keys,私用欠勤・年休休業でない・有給特約なしを明記し、例外を説明。q-0244を統合。 公式範囲全体の監査は別途未完了。,,complete
q-0238,修正,explanation source_keys,相当する控除と超過制裁を別に判断する基礎として維持。 公式範囲全体の監査は別途未完了。,,complete
q-0239,修正,explanation source_keys,全国一律の控除式と誤認させず割増計算との差を補足。 公式範囲全体の監査は別途未完了。,,complete
q-0240,修正,explanation question_text source_keys,一般的方法という根拠の弱い出題を、具体的な規程を読む問題へ変更。 公式範囲全体の監査は別途未完了。,,complete
q-0241,修正,difficulty exam_role explanation question_text role source_keys,必ず日割りと読めた点を限定し、算出をしないため知識・手順へ修正。 公式範囲全体の監査は別途未完了。,,complete
q-0242,修正,difficulty exam_role explanation question_text role source_keys,全所定日勤務・他の増減額なしを補足。数値算出をしないので手順知識へ修正。 公式範囲全体の監査は別途未完了。,,complete
q-0243,修正,explanation source_keys,単価と時間が指定された通常コア計算として維持。割増率を加算しない理由を補足。 公式範囲全体の監査は別途未完了。,,complete
q-0244,退役,,ノーワーク・ノーペイの同じ判断を、適用条件と例外を明示したq-0237へ統合。旧履歴を保持し習熟は自動移行しない。,q-0237,retired
q-0245,修正,explanation source_keys,制裁の法定額上限と処分の相当性の両方を補足。 公式範囲全体の監査は別途未完了。,,complete
q-0246,修正,answer calc_params choices common_mistake distractor_feedback explanation question_text source_keys,旧検算は時間外用で途中単価を丸め、設問の最終丸め条件と一致しなかった。旧金額2188が違法と断定せず、控除が実不就労額を超えない最終切捨て規程の問題へ改訂。独立固定値も2187へ更新。,,complete
q-0247,退役,,途中入退社の日割りは規程によるという同じ判断をq-0241へ統合。旧履歴を保持し習熟を自動移行しない。,q-0241,retired
q-0248,修正,common_mistake explanation question_text source_keys,有料道路や他交通の併用による加算が抜けていたため、マイカーのみ・有料道路なしを追加。 必須技能全体の網羅性・模試の知識計算区分は別途未完了。,,complete
q-0249,修正,question_text source_keys,上限が指定された模試の課税額計算として維持。新旧時点を4月分と明記。 必須技能全体の網羅性・模試の知識計算区分は別途未完了。,,complete
q-0250,修正,common_mistake explanation question_text source_keys,国税庁の障害による特別事情を発見。本文で除外し資料・説明でも例外を示す。 必須技能全体の網羅性・模試の知識計算区分は別途未完了。,,complete
q-0251,修正,answer common_mistake distractor_feedback explanation question_text source_keys,模試の1.8km全額課税の類題をちょうど2kmの境界へ改訂。正答と個別誤答説明も変更。 必須技能全体の網羅性・模試の知識計算区分は別途未完了。,,complete
q-0252,修正,common_mistake explanation source_keys,15万円は定額でなく最高限度。合理的特急等とグリーン料金の区別を説明。 必須技能全体の網羅性・模試の知識計算区分は別途未完了。,,complete
q-0253,修正,source_keys,合理的運賃でも上限を超える模試ケースとして維持。 必須技能全体の網羅性・模試の知識計算区分は別途未完了。,,complete
q-0254,修正,common_mistake explanation source_keys,最頻出と断定していた根拠のない表現を削除。基礎の制度間比較として維持。 必須技能全体の網羅性・模試の知識計算区分は別途未完了。,,complete
q-0255,修正,choices common_mistake distractor_feedback explanation question_text source_keys,通常q-0254の同じ判断だけから、現物定期券・半年分の月換算を組み合わせる模試へ変更。 必須技能全体の網羅性・模試の知識計算区分は別途未完了。,,complete
q-0256,修正,explanation question_text source_keys,年休・有給特約の条件不足を補い、超過控除との違いを説明。 模試全体の難易度・初見性の判定は別途未完了。,,complete
q-0257,修正,explanation source_keys,二つの法定限度の確認を維持。上限だけで懲戒有効と誤認しない説明を補足。 模試全体の難易度・初見性の判定は別途未完了。,,complete
q-0258,修正,distractor_feedback explanation question_text source_keys,全国一律の給与順序という根拠不足を解消し、指定した変動額計算の条件を読む問題へ変更。 模試全体の難易度・初見性の判定は別途未完了。,,complete
q-0259,修正,choices common_mistake explanation question_text source_keys,定時決定は7月という曖昧な表現を算定基礎届の提出に限定。9月適用と区別。 模試全体の難易度・初見性の判定は別途未完了。,,complete
q-0260,修正,explanation study_tier,正答の言い換えを見直し、目的・支払基礎日数・適用期間を説明。 模試全体の難易度・初見性の判定は別途未完了。,,complete
q-0261,修正,source_keys,利用目的の基本判断を維持。主催者範囲だけの根拠を外しPPC所定事務に照合。 模試全体の難易度・初見性の判定は別途未完了。,,complete
q-0262,修正,choices explanation question_text source_keys,必要に応じ記録では一般の記録保存要件を弱めるため修正。中小特例の対応方法を区別。 模試全体の難易度・初見性の判定は別途未完了。,,complete
q-0263,修正,choices distractor_feedback explanation question_text role source_keys,模試の用語言換えを、20日締切の期間特定へ変更。通常q265の月末締めからの転用を問う。 模試全体の難易度・初見性の判定は別途未完了。,,complete
q-0264,修正,choices distractor_feedback explanation question_text role source_keys,模試の用語言換えを、休日繰上げの規程適用に変更。休日と営業日を明記し法律一律としない。 模試全体の難易度・初見性の判定は別途未完了。,,complete
q-0265,修正,explanation source_keys,通常コアで締切と支払の基礎を維持し、8月→9月の具体例を補う。 模試全体の難易度・初見性の判定は別途未完了。,,complete
q-0266,修正,explanation question_text source_keys,3区分が法定唯一様式という誤認を防ぎ、与えた項目を分類する問題へ。 必要技能全体・模試区分の網羅性は未判定。,,complete
q-0267,修正,question_text source_keys,勤怠という前提情報の読み取りを基礎として維持。 必要技能全体・模試区分の網羅性は未判定。,,complete
q-0268,修正,question_text source_keys,指定様式の区分として維持。模試の基礎分類枠の難易度配分は別途未判定。 必要技能全体・模試区分の網羅性は未判定。,,complete
q-0269,修正,question_text source_keys,組合費の必要な控除根拠を本文でも明記。 必要技能全体・模試区分の網羅性は未判定。,,complete
q-0270,修正,explanation question_text source_keys study_tier,模試q258の事前解放に頼らず通常コアに配置。q273退役後もworkflowの基本を保持。 必要技能全体・模試区分の網羅性は未判定。,,complete
q-0271,修正,choices explanation question_text role,単なる提出月暗記から適用開始との組合せへ。 必要技能全体・模試区分の網羅性は未判定。,,complete
q-0272,修正,question_text,年度途中異動なしの通常ケースとし、通知に基づく処理を維持。 必要技能全体・模試区分の網羅性は未判定。,,complete
q-0273,退役,,同じ区分・原則の判断をq-0266へ統合。旧履歴を保持し習熟を移行しない。q-0273の論点workflowはq-0270の通常コアで基本順序を学ぶ。,q-0266,retired
q-0274,修正,explanation source_keys,課税対象額と手取りの違いを説明して維持。 必要技能全体・模試区分の網羅性は未判定。,,complete
q-0275,修正,choices explanation question_text role source_keys,同一模試q263との用語重複を、引継ぎ・一定期日を合わせた場面判断に変更。 必要技能全体・模試区分の網羅性は未判定。,,complete
q-0276,修正,explanation question_text source_keys,期間と総日数を説明し、事由当日除外・締切・最低保障も補足。 必要技能全体・模試区分の網羅性は未判定。,,complete
q-0277,退役,,同じ区分・原則の判断をq-0276へ統合。旧履歴を保持し習熟を移行しない。q-0273の論点workflowはq-0270の通常コアで基本順序を学ぶ。,q-0276,retired
q-0278,修正,choices explanation question_text source_keys,抽象的な起算日の言換えから締切日当日の境界ケースへ。 必要技能全体・模試区分の網羅性は未判定。,,complete
q-0279,修正,choices explanation question_text role source_keys,旧正答が事由発生日を含め締切も無視する点を訂正。極短期の例外と通常の3か月未満を区別。 必要技能全体・模試区分の網羅性は未判定。,,complete
q-0280,修正,explanation question_text,通常算定の一部期間と明記し、全算定期間除外等の特別計算と混同させない。 必要技能全体・模試区分の網羅性は未判定。,,complete
q-0281,修正,explanation source_keys,名称と期間を分け、ちょうど3か月の境界も説明。 模試の知識計算区分・公式必須技能全体は別途未判定。,,complete
q-0282,修正,explanation,月給部分混在の計算と区別し基礎を維持。 模試の知識計算区分・公式必須技能全体は別途未判定。,,complete
q-0283,修正,explanation question_text source_keys,全額月給・算入額・除外なしを明記した既改訂を再確認。 模試の知識計算区分・公式必須技能全体は別途未判定。,,complete
q-0284,修正,distractor_feedback explanation question_text source_keys study_tier topic_key,適切な支払だと80・100も成立したため最低水準を明示。休業手当の通常コアに修正。 模試の知識計算区分・公式必須技能全体は別途未判定。,,complete
q-0285,修正,choices explanation question_text role source_keys,可能性が高いという曖昧な比較から適用条件を明示するケースへ。 模試の知識計算区分・公式必須技能全体は別途未判定。,,complete
q-0286,退役,,同じ基本式・定義・義務の判断をq-0276へ統合。履歴は保持し習熟は移行しない。休業手当の通常コアはq-0284、賃金定義の通常コアはq-0295で維持。,q-0276,retired
q-0287,退役,,同じ基本式・定義・義務の判断をq-0282へ統合。履歴は保持し習熟は移行しない。休業手当の通常コアはq-0284、賃金定義の通常コアはq-0295で維持。,q-0282,retired
q-0288,修正,choices distractor_feedback explanation question_text role source_keys,通常演習と同じ60％の暗記から一部休業の不足額判定へ。 模試の知識計算区分・公式必須技能全体は別途未判定。,,complete
q-0289,修正,choices explanation question_text role study_tier,給与の名称言換えから、定義と計算対象の二段階判断へ。通常コアの定義は295へ。 模試の知識計算区分・公式必須技能全体は別途未判定。,,complete
q-0290,退役,,同じ基本式・定義・義務の判断をq-0295へ統合。履歴は保持し習熟は移行しない。休業手当の通常コアはq-0284、賃金定義の通常コアはq-0295で維持。,q-0295,retired
q-0291,修正,source_keys,通常コアで実費弁償の入口を維持。 模試の知識計算区分・公式必須技能全体は別途未判定。,,complete
q-0292,修正,choices explanation question_text role source_keys,模試の一般旅費定義を同名手当の支給実態比較へ。 模試の知識計算区分・公式必須技能全体は別途未判定。,,complete
q-0293,退役,,同じ基本式・定義・義務の判断をq-0298へ統合。履歴は保持し習熟は移行しない。休業手当の通常コアはq-0284、賃金定義の通常コアはq-0295で維持。,q-0298,retired
q-0294,修正,choices explanation source_keys,単に規程に載るだけでなく条件と義務を確認する。 模試の知識計算区分・公式必須技能全体は別途未判定。,,complete
q-0295,修正,explanation source_keys study_tier,通常コアの賃金定義を本問へ集約し誤肢の理由を説明。 模試の知識計算区分・公式必須技能全体は別途未判定。,,complete
q-0296,退役,,同じ基本式・定義・義務の判断をq-0295へ統合。履歴は保持し習熟は移行しない。休業手当の通常コアはq-0284、賃金定義の通常コアはq-0295で維持。,q-0295,retired
q-0297,修正,choices source_keys,見舞金の支給義務なしを補い、通勤と業務出張の違いを維持。 模試の知識計算区分・公式必須技能全体は別途未判定。,,complete
q-0298,修正,source_keys,293の同じ任意見舞金判断を統合。義務ある294との対比を維持。 模試の知識計算区分・公式必須技能全体は別途未判定。,,complete
q-0299,修正,source_keys,通常の実費基礎から異なる賃金項目を判別する模試として維持。 模試の知識計算区分・公式必須技能全体は別途未判定。,,complete
q-0300,修正,source_keys,業務用貸与を現物賃金や住宅手当と混同しない例として維持。 模試の知識計算区分・公式必須技能全体は別途未判定。,,complete
q-0301,退役,,同じ定義・区分・手続の判断をq-0295へ統合。通常コア307・310・324等で基礎を維持。履歴を保持し習熟を自動移行しない。,q-0295,retired
q-0302,修正,choices explanation question_text source_keys study_tier,制度開始と実利用の指定後開始を分けた。年月暗記のコア優先を下げ選択権305を通常コアへ。 必須範囲全体・模試全体の難易度評価は未完了。,,complete
q-0303,修正,choices question_text source_keys,業者指定だけで即実施としない条件を補足。 必須範囲全体・模試全体の難易度評価は未完了。,,complete
q-0304,修正,choices source_keys,協定の相手・説明の順序を全肢で明確化。 必須範囲全体・模試全体の難易度評価は未完了。,,complete
q-0305,修正,study_tier,任意選択と変更可能性の判断をコアへ。 必須範囲全体・模試全体の難易度評価は未完了。,,complete
q-0306,退役,,同じ定義・区分・手続の判断をq-0307へ統合。通常コア307・310・324等で基礎を維持。履歴を保持し習熟を自動移行しない。,q-0307,retired
q-0307,修正,explanation source_keys study_tier,306の名称だけの類題を統合し、種類の説明まで通常コアで扱う。 必須範囲全体・模試全体の難易度評価は未完了。,,complete
q-0308,修正,explanation source_keys,改定時期で額の大小が変わり得ることと適用日を補足。 必須範囲全体・模試全体の難易度評価は未完了。,,complete
q-0309,修正,explanation source_keys,深夜の割増部分と時間外等の賃金を区別。割増基礎7項目の流用を防ぐ。 必須範囲全体・模試全体の難易度評価は未完了。,,complete
q-0310,修正,explanation,321・313の用語類題を集約し、趣旨と例外を説明。 必須範囲全体・模試全体の難易度評価は未完了。,,complete
q-0311,修正,source_keys,模試の制度趣旨判断として維持し直接の公的説明を追加。 必須範囲全体・模試全体の難易度評価は未完了。,,complete
q-0312,修正,question_text source_keys,314の同じ名義判断を集約。協定等を前提化し本人同意だけで全手続十分としない。 必須範囲全体・模試全体の難易度評価は未完了。,,complete
q-0313,退役,,同じ定義・区分・手続の判断をq-0310へ統合。通常コア307・310・324等で基礎を維持。履歴を保持し習熟を自動移行しない。,q-0310,retired
q-0314,退役,,同じ定義・区分・手続の判断をq-0312へ統合。通常コア307・310・324等で基礎を維持。履歴を保持し習熟を自動移行しない。,q-0312,retired
q-0315,修正,choices source_keys,旧Cの複数回払いは毎月1回以上を満たし得るため、未払分の一方的繰延と明確化。 必須範囲全体・模試全体の難易度評価は未完了。,,complete
q-0316,修正,source_keys,法令控除の模試枠として維持。法定外との根拠の区別。 必須範囲全体・模試全体の難易度評価は未完了。,,complete
q-0317,修正,explanation question_text source_keys,社宅費負担義務と天引手続を分け、協定だけで債務が生じる誤認を防ぐ。 必須範囲全体・模試全体の難易度評価は未完了。,,complete
q-0318,退役,,同じ定義・区分・手続の判断をq-0269へ統合。通常コア307・310・324等で基礎を維持。履歴を保持し習熟を自動移行しない。,q-0269,retired
q-0319,修正,choices explanation question_text source_keys,労基法だけの誤引用を訂正。加入者・国内・除外なしを限定し、給与支払日の年齢と保険料月を区別。 必須範囲全体・模試全体の難易度評価は未完了。,,complete
q-0320,退役,,同じ定義・区分・手続の判断をq-0324へ統合。通常コア307・310・324等で基礎を維持。履歴を保持し習熟を自動移行しない。,q-0324,retired
q-0321,退役,,同じ定義・区分・手続の判断をq-0310へ統合。通常コア307・310・324等で基礎を維持。履歴を保持し習熟を自動移行しない。,q-0310,retired
q-0322,修正,choices question_text source_keys,否定問の例外条件と銀行振込の前提を補足。 必須範囲全体・模試全体の難易度評価は未完了。,,complete
q-0323,修正,choices question_text source_keys,資金移動口座に指定要件がなかった点と各同意手続を補足。 必須範囲全体・模試全体の難易度評価は未完了。,,complete
q-0324,修正,source_keys study_tier,320を統合し模試316の事前解放によらない通常コアへ。 必須範囲全体・模試全体の難易度評価は未完了。,,complete
q-0325,修正,source_keys,年俸と支払回数を区別する境界問題として維持。 必須範囲全体・模試全体の難易度評価は未完了。,,complete
q-0326,修正,explanation source_keys study_tier,343を統合し通常コアで支払日の判断を維持。 教材全体・模試の難易度評価は未完了。,,complete
q-0327,退役,,全選択肢を比較し同じ定義・例外・手続の判断をq-0312へ統合。模試解放に依存せず通常問題と説明で基礎を維持。旧履歴は保持し習熟は自動移行しない。,q-0312,retired
q-0328,退役,,全選択肢を比較し同じ定義・例外・手続の判断をq-0302へ統合。模試解放に依存せず通常問題と説明で基礎を維持。旧履歴は保持し習熟は自動移行しない。,q-0302,retired
q-0329,退役,,全選択肢を比較し同じ定義・例外・手続の判断をq-0304へ統合。模試解放に依存せず通常問題と説明で基礎を維持。旧履歴は保持し習熟は自動移行しない。,q-0304,retired
q-0330,修正,explanation source_keys,331の組合せ暗記を説明へ集約し、控除権限と債務を区別。 教材全体・模試の難易度評価は未完了。,,complete
q-0331,退役,,全選択肢を比較し同じ定義・例外・手続の判断をq-0330へ統合。模試解放に依存せず通常問題と説明で基礎を維持。旧履歴は保持し習熟は自動移行しない。,q-0330,retired
q-0332,修正,explanation question_text source_keys,6種だけの固定暗記を避け2026年支援金を補足。 教材全体・模試の難易度評価は未完了。,,complete
q-0333,修正,explanation source_keys,労基法だけの引用を直接の保険料負担資料へ修正。 教材全体・模試の難易度評価は未完了。,,complete
q-0334,修正,explanation,労働者への出来高給と独立請負を区別。 教材全体・模試の難易度評価は未完了。,,complete
q-0335,修正,choices explanation question_text source_keys,保存年数暗記を起算日のケースへ変更。 教材全体・模試の難易度評価は未完了。,,complete
q-0336,修正,explanation source_keys,記入の時期と各事業場・各人別の単位を説明。 教材全体・模試の難易度評価は未完了。,,complete
q-0337,修正,explanation question_text source_keys,模試の記載事項判断。日々雇入れの期間例外に限定条件を置いた。 教材全体・模試の難易度評価は未完了。,,complete
q-0338,修正,explanation question_text source_keys,対象範囲を明示。記録と在社・実労働の違いを説明。 教材全体・模試の難易度評価は未完了。,,complete
q-0339,修正,explanation question_text source_keys study_tier,基本の保存年数を通常コアへ、335で起算日を補う。 教材全体・模試の難易度評価は未完了。,,complete
q-0340,修正,explanation question_text source_keys,模試の月集計と日集計の区別。1分未満の一律切捨てを問う設問ではない。 教材全体・模試の難易度評価は未完了。,,complete
q-0341,修正,explanation question_text,旧問はCも成立。通達の方式に問いを限定して複数正解を解消。 教材全体・模試の難易度評価は未完了。,,complete
q-0342,退役,,全選択肢を比較し同じ定義・例外・手続の判断をq-0325へ統合。模試解放に依存せず通常問題と説明で基礎を維持。旧履歴は保持し習熟は自動移行しない。,q-0325,retired
q-0343,退役,,全選択肢を比較し同じ定義・例外・手続の判断をq-0326へ統合。模試解放に依存せず通常問題と説明で基礎を維持。旧履歴は保持し習熟は自動移行しない。,q-0326,retired
q-0344,修正,explanation source_keys,模試の末日という境界判断で通常の25日例と区別。 教材全体・模試の難易度評価は未完了。,,complete
q-0345,退役,,全選択肢を比較し同じ定義・例外・手続の判断をq-0325へ統合。模試解放に依存せず通常問題と説明で基礎を維持。旧履歴は保持し習熟は自動移行しない。,q-0325,retired
q-0346,退役,,全選択肢を比較し同じ定義・例外・手続の判断をq-0347へ統合。模試解放に依存せず通常問題と説明で基礎を維持。旧履歴は保持し習熟は自動移行しない。,q-0347,retired
q-0347,修正,explanation source_keys study_tier,346の事由判断を統合し非常時の通常コアを確保。 教材全体・模試の難易度評価は未完了。,,complete
q-0348,修正,explanation source_keys,検定の位置づけの導入用として維持し出題予測としない。 公式教材本文・試験全体の網羅性判定は未完了。,,complete
q-0349,修正,explanation question_text source_keys,2026年月次の特定親族の範囲と加算を分ける。 公式教材本文・試験全体の網羅性判定は未完了。,,complete
q-0350,修正,explanation question_text source_keys,模試の16歳未満判断に年末年齢・障害者なしを明示。 公式教材本文・試験全体の網羅性判定は未完了。,,complete
q-0351,修正,choices explanation question_text role source_keys,抽象要件暗記を上限ちょうどの所得見積ケースへ。 公式教材本文・試験全体の網羅性判定は未完了。,,complete
q-0352,修正,explanation question_text source_keys,非居住者条件と2026年9月の月次適用を明確化。 公式教材本文・試験全体の網羅性判定は未完了。,,complete
q-0353,修正,explanation question_text source_keys,年少扶養の基本0と障害加算1を分ける通常ケース。 公式教材本文・試験全体の網羅性判定は未完了。,,complete
q-0354,修正,explanation question_text role source_keys,本人と親族の加算の違いを問う。 公式教材本文・試験全体の網羅性判定は未完了。,,complete
q-0355,修正,explanation question_text source_keys,基礎人数と加算人数を明示して合計3の誤認を防ぐ。 公式教材本文・試験全体の網羅性判定は未完了。,,complete
q-0356,修正,explanation source_keys,異動後の最初の給与前日という期限を説明。 公式教材本文・試験全体の網羅性判定は未完了。,,complete
q-0357,修正,explanation question_text source_keys,本人の障害者加算等も0を条件に明記。 公式教材本文・試験全体の網羅性判定は未完了。,,complete
q-0358,修正,choices explanation question_text role source_keys,税額の一般傾向の暗記から適用欄の判断に改訂。 公式教材本文・試験全体の網羅性判定は未完了。,,complete
q-0359,修正,explanation source_keys,源泉と年間精算の位置関係を説明。 公式教材本文・試験全体の網羅性判定は未完了。,,complete
q-0360,修正,explanation source_keys,給与収入と給与所得金額を区別。 公式教材本文・試験全体の網羅性判定は未完了。,,complete
q-0361,修正,explanation source_keys,金銭以外の利益と非課税の例外を説明。 模試全体の初見性・全必須技能の充足は別途未完了。,,complete
q-0362,退役,,全肢・説明を比べ同じ限度額・税目・期間・適用欄を問うq-0252へ統合。旧履歴保持、習熟の自動移行なし。,q-0252,retired
q-0363,修正,explanation source_keys,模試の旅費判断に相当額の判定材料を補足。 模試全体の初見性・全必須技能の充足は別途未完了。,,complete
q-0364,修正,explanation question_text source_keys,365の国税判断を統合し非課税等対象者を例外として明記。 模試全体の初見性・全必須技能の充足は別途未完了。,,complete
q-0365,退役,,全肢・説明を比べ同じ限度額・税目・期間・適用欄を問うq-0364へ統合。旧履歴保持、習熟の自動移行なし。,q-0364,retired
q-0366,修正,explanation source_keys,通知を受けて控除する流れと源泉税計算の違いを説明。 模試全体の初見性・全必須技能の充足は別途未完了。,,complete
q-0367,退役,,全肢・説明を比べ同じ限度額・税目・期間・適用欄を問うq-0272へ統合。旧履歴保持、習熟の自動移行なし。,q-0272,retired
q-0368,修正,explanation question_text source_keys,休日・納期特例を条件で分離。 模試全体の初見性・全必須技能の充足は別途未完了。,,complete
q-0369,修正,explanation question_text source_keys,100円単位の月割り・途中開始等の例外を補足。 模試全体の初見性・全必須技能の充足は別途未完了。,,complete
q-0370,修正,explanation question_text source_keys,徴収可能な給与・死亡出国外を限定。 模試全体の初見性・全必須技能の充足は別途未完了。,,complete
q-0371,修正,explanation question_text source_keys,最後の給与から引ける前提を補った。 模試全体の初見性・全必須技能の充足は別途未完了。,,complete
q-0372,修正,choices explanation source_keys,控除毎月と納入まとめを区別し所得税との期限混同を防ぐ。 模試全体の初見性・全必須技能の充足は別途未完了。,,complete
q-0373,修正,explanation source_keys,課税額→社会保険等控除後額の順序を説明。 模試全体の初見性・全必須技能の充足は別途未完了。,,complete
q-0374,修正,explanation source_keys,二段階の途中値と誤答理由を補足。 模試全体の初見性・全必須技能の充足は別途未完了。,,complete
q-0375,修正,choices explanation question_text source_keys,支給周期を明示し見舞金の課税例外の曖昧さを除去。 模試全体の初見性・全必須技能の充足は別途未完了。,,complete
q-0376,修正,choices explanation question_text source_keys,模試で日給単価と日ごと支払を混同しないよう修正。 模試全体の初見性・全必須技能の充足は別途未完了。,,complete
q-0377,修正,explanation question_text source_keys,税表内に含む復興税を二重加算しない。 模試全体の初見性・全必須技能の充足は別途未完了。,,complete
q-0378,修正,explanation question_text source_keys,従たる給与用の別申告書を除外して例外を混ぜない。 模試全体の初見性・全必須技能の充足は別途未完了。,,complete
q-0379,退役,,全肢・説明を比べ同じ限度額・税目・期間・適用欄を問うq-0358へ統合。旧履歴保持、習熟の自動移行なし。,q-0358,retired
q-0380,修正,explanation source_keys,日雇賃金の条件と2か月超部分除外を説明。 模試全体の初見性・全必須技能の充足は別途未完了。,,complete
q-0381,修正,choices explanation question_text source_keys,雇用期間・算定と支払方法を限定し丙の条件不足を修正。 論点横断の類似と全模試の初見性・範囲の監査は別途未完了。,,complete
q-0382,退役,,全肢と説明を照合し、同じ控除順・欄区分・復興税二重加算防止を扱うq-0373へ統合。履歴保持、習熟の自動移行なし。,q-0373,retired
q-0383,修正,explanation question_text source_keys,限度額だけでなく非課税要件を満たす条件を補足。 論点横断の類似と全模試の初見性・範囲の監査は別途未完了。,,complete
q-0384,修正,explanation source_keys,375の月払基本に対し半月払への適用を維持。 論点横断の類似と全模試の初見性・範囲の監査は別途未完了。,,complete
q-0385,退役,,全肢と説明を照合し、同じ控除順・欄区分・復興税二重加算防止を扱うq-0380へ統合。履歴保持、習熟の自動移行なし。,q-0380,retired
q-0386,退役,,全肢と説明を照合し、同じ控除順・欄区分・復興税二重加算防止を扱うq-0377へ統合。履歴保持、習熟の自動移行なし。,q-0377,retired
q-0387,修正,explanation question_text source_keys,日雇を除外し未提出を丙にしない説明へ。 論点横断の類似と全模試の初見性・範囲の監査は別途未完了。,,complete
q-0388,修正,explanation question_text source_keys,中途入社・0人でも申告を補足。 論点横断の類似と全模試の初見性・範囲の監査は別途未完了。,,complete
q-0389,修正,choices distractor_feedback explanation question_text source_keys,模試は具体日付への適用に変更。 論点横断の類似と全模試の初見性・範囲の監査は別途未完了。,,complete
q-0390,修正,explanation question_text source_keys,金額の行と甲欄人数列を分けて説明。 論点横断の類似と全模試の初見性・範囲の監査は別途未完了。,,complete
q-0391,修正,distractor_feedback explanation question_text source_keys,金額の行を選ぶ計算に本人負担を明記し全誤答理由を補足。 論点横断の類似と全模試の初見性・範囲の監査は別途未完了。,,complete
q-0392,修正,explanation question_text source_keys,扶養0と申告未提出の混同を防止。 論点横断の類似と全模試の初見性・範囲の監査は別途未完了。,,complete
q-0393,修正,distractor_feedback explanation question_text source_keys,模試に居住者・月給・B社未提出を補足。 論点横断の類似と全模試の初見性・範囲の監査は別途未完了。,,complete
q-0394,修正,explanation question_text source_keys,通常手順の前提である申告書と10倍以下を明記。 論点横断の類似と全模試の初見性・範囲の監査は別途未完了。,,complete
q-0395,退役,,本文・全肢・正答・解説を確認。B特例は法令上妥当、A0%固定/C無徴収/D住民税率は誤り。ただし主催者は1級の特例として掲げ、公式2026年2級本文も未入手のため2級模試に置く根拠不足。元問を退役して別ID837の通常賞与の適用欄判断へ差替え。技能は異なるため統合先とせず、習熟は移行しない。開始済み模試は従前の問題と資料のスナップショットで採点する。,,retired
q-0396,修正,explanation role source_keys,公式教材未記載改正を解答に影響させない条件を補足。 論点横断の類似と全模試の初見性・範囲の監査は別途未完了。,,complete
q-0397,修正,explanation question_text source_keys,通常開始と期間中在籍を限定。 論点横断の類似と全模試の初見性・範囲の監査は別途未完了。,,complete
q-0398,修正,distractor_feedback explanation question_text source_keys,模試は通知受領後の具体年度切替へ変更。 論点横断の類似と全模試の初見性・範囲の監査は別途未完了。,,complete
q-0399,修正,explanation question_text source_keys,会社は控除するだけとの過度な説明を修正し届出事務も説明。 論点横断の類似と全模試の初見性・範囲の監査は別途未完了。,,complete
q-0400,修正,choices distractor_feedback explanation question_text source_keys,模試は当初通知の復唱から変更通知の適用へ変更。 論点横断の類似と全模試の初見性・範囲の監査は別途未完了。,,complete
q-0401,退役,,基本人数は源泉配偶者＋源泉親族。A年齢不問・B同一生計を別加算・C16歳未満を基本人数へは不可。 本文・全肢・説明を照合しq-0349へ統合。旧履歴保持・習熟の自動移行なし。,q-0349,retired
q-0402,退役,,本人障害者1加算。A乙へ・B配偶者のみ・D無反映は不可。一般と特別でも本人加算は1と統合先で学べる。 本文・全肢・説明を照合しq-0354へ統合。旧履歴保持・習熟の自動移行なし。,q-0354,retired
q-0403,退役,,16歳未満は基本0、一般障害者1加算。A全0・B基本のみ・D基本含む追加2は不一致。 本文・全肢・説明を照合しq-0353へ統合。旧履歴保持・習熟の自動移行なし。,q-0353,retired
q-0404,修正,explanation question_text source_keys,年末調整の計算技能を要求せず制度の役割に限定。 全模試の類似・範囲と全必要技能の監査は別途未完了。,,complete
q-0405,退役,,Cの給与範囲、A現物除外・B給料除外・D賞与除外は不適切。360と361の説明で金銭・現物と非課税例外を学ぶ。 本文・全肢・説明を照合しq-0361へ統合。旧履歴保持・習熟の自動移行なし。,q-0361,retired
q-0406,修正,choices explanation question_text source_keys,各非課税条件を満たす前提と割増算定とは別の判断を説明。 全模試の類似・範囲と全必要技能の監査は別途未完了。,,complete
q-0407,退役,,B合理的運賃15万円上限。A10万・C5万・D給与10%は違う。 本文・全肢・説明を照合しq-0252へ統合。旧履歴保持・習熟の自動移行なし。,q-0252,retired
q-0408,修正,explanation question_text source_keys,模試253を事前解放せず、通常演習にも超過部分の判断を確保。 全模試の類似・範囲と全必要技能の監査は別途未完了。,,complete
q-0409,修正,explanation question_text source_keys,駐車場等がない基礎区分の判断と限定。 全模試の類似・範囲と全必要技能の監査は別途未完了。,,complete
q-0410,退役,,通常C全課税。A4200・B15000・D7300は距離不一致。元問の障害特例条件不足を補った統合先へ。 本文・全肢・説明を照合しq-0250へ統合。旧履歴保持・習熟の自動移行なし。,q-0250,retired
q-0411,修正,explanation question_text,本人の負担・場所・支払われるべき日・過去差額を限定。 全模試の類似・範囲と全必要技能の監査は別途未完了。,,complete
q-0412,修正,explanation question_text source_keys,模試363へ事前解放せず通常演習にも旅費基礎を確保。 全模試の類似・範囲と全必要技能の監査は別途未完了。,,complete
q-0413,修正,choices explanation source_keys,結婚祝と災害見舞の根拠を分けて確認。 全模試の類似・範囲と全必要技能の監査は別途未完了。,,complete
q-0414,退役,,C会社が給与から控除して自治体納入。A税務署・B本人直接・D預金引落一般は給与特別徴収の定義でない。 本文・全肢・説明を照合しq-0399へ統合。旧履歴保持・習熟の自動移行なし。,q-0399,retired
q-0415,退役,,B6〜翌5月。A4〜3・C1〜12・D7〜6は不一致。 本文・全肢・説明を照合しq-0272へ統合。旧履歴保持・習熟の自動移行なし。,q-0272,retired
q-0416,退役,,B自治体→会社5/31。A逆方向・C年金6/30・D税務署4/30は違う。 本文・全肢・説明を照合しq-0366へ統合。旧履歴保持・習熟の自動移行なし。,q-0366,retired
q-0417,退役,,通常D翌10日。A当月末・B翌15・C翌5は違う。納期特例を除いた統合先へ。 本文・全肢・説明を照合しq-0368へ統合。旧履歴保持・習熟の自動移行なし。,q-0368,retired
q-0418,退役,,通常D初回6月。A1月・B最終5月・C12月は違う。途中開始等を除いた統合先へ。 本文・全肢・説明を照合しq-0369へ統合。旧履歴保持・習熟の自動移行なし。,q-0369,retired
q-0419,修正,explanation question_text source_keys,所得割・前年所得・徴収期間を区別し退職所得を限定。 全模試の類似・範囲と全必要技能の監査は別途未完了。,,complete
q-0420,退役,,B自治体が資料から決定。A年金・C会社年調・D本人税務署の自己申告決定は住民税の通常の賦課方式でない。 本文・全肢・説明を照合しq-0399へ統合。旧履歴保持・習熟の自動移行なし。,q-0399,retired
q-0421,退役,,A所得割均等割森林税。B所得消費・C事業復興・D法人を混ぜない。 全肢・解説の同じ判断をq-0364へ統合。履歴保持・習熟の自動移行なし。,q-0364,retired
q-0422,修正,explanation question_text source_keys,総合課税・標準税率を限定し毎月総支給へ10%としない。 2級全範囲・全模試の初見性の承認は別途未完了。,,complete
q-0423,退役,,A国税1000円市町村徴収。B地方1万円税務署・C地方10%・D給与1%はいずれも違う。 全肢・解説の同じ判断をq-0364へ統合。履歴保持・習熟の自動移行なし。,q-0364,retired
q-0424,修正,choices explanation question_text source_keys,曖昧な翌年度を具体的な報告年と課税年度へ。 2級全範囲・全模試の初見性の承認は別途未完了。,,complete
q-0425,修正,explanation source_keys,模試400の事前解放によらず通常演習で通知変更を学ぶ。 2級全範囲・全模試の初見性の承認は別途未完了。,,complete
q-0426,修正,explanation source_keys,普通徴収と特別徴収の主体を区別。 2級全範囲・全模試の初見性の承認は別途未完了。,,complete
q-0427,退役,,D普通または申出一括。A年調・B翌年度加算・C必ず強制はいずれも違う。死亡等を限定した統合先で学ぶ。 全肢・解説の同じ判断をq-0370へ統合。履歴保持・習熟の自動移行なし。,q-0370,retired
q-0428,退役,,B給与退職手当を原資。A新会社賞与のみ・C自治体給付・D任意口座引出は不可。 全肢・解説の同じ判断をq-0429へ統合。履歴保持・習熟の自動移行なし。,q-0429,retired
q-0429,修正,choices explanation question_text source_keys,元問の金額の基準日・死亡と継続の例外を補足。 2級全範囲・全模試の初見性の承認は別途未完了。,,complete
q-0430,修正,explanation question_text source_keys,控除しきれるかの境界判断を維持。 2級全範囲・全模試の初見性の承認は別途未完了。,,complete
q-0431,退役,,B最終5月を通常控除。A所得税へ・C翌年度新会社へ・D控除可能でも普通は違う。 全肢・解説の同じ判断をq-0371へ統合。履歴保持・習熟の自動移行なし。,q-0371,retired
q-0432,修正,explanation source_keys,旧会社→新会社→自治体の手順を補足。 2級全範囲・全模試の初見性の承認は別途未完了。,,complete
q-0433,修正,explanation source_keys,徴収方法の変更と対応する手続を維持。 2級全範囲・全模試の初見性の承認は別途未完了。,,complete
q-0434,退役,,D常時10人未満。A20・B100・C50ではない。 全肢・解説の同じ判断をq-0372へ統合。履歴保持・習熟の自動移行なし。,q-0372,retired
q-0435,退役,,B市町村申請承認。A都道府県毎年・C税務署同意・D年金届出ではない。 全肢・解説の同じ判断をq-0372へ統合。履歴保持・習熟の自動移行なし。,q-0372,retired
q-0436,修正,explanation question_text source_keys,給与控除と自治体への納入期限・所得税特例を区別。 2級全範囲・全模試の初見性の承認は別途未完了。,,complete
q-0437,修正,explanation question_text source_keys,申請人数要件372と別に、承認後の給与控除の継続を問う。 2級全範囲・全模試の初見性の承認は別途未完了。,,complete
q-0438,退役,,C所得税当年と住民税前年。A双方当年・B逆・D双方前年は違う。 全肢・解説の同じ判断をq-0419へ統合。履歴保持・習熟の自動移行なし。,q-0419,retired
q-0439,退役,,A非課税除外後本人社保控除。B非課税加算・C非課税加算社保未控除・D住民税加算は違う。 全肢・解説の同じ判断をq-0373へ統合。履歴保持・習熟の自動移行なし。,q-0373,retired
q-0440,退役,,B所得税課税額に含めない。A住民税振替・C会社社保・D賞与表へではない。 全肢・解説の同じ判断をq-0373へ統合。履歴保持・習熟の自動移行なし。,q-0373,retired
q-0441,退役,,C課税から本人社保。A手取会社分・B会社分加算・D非課税から住民税ではない。 全肢と解説の判断をq-0373へ統合。履歴保持・習熟の自動移行なし。,q-0373,retired
q-0442,退役,,B支給期間方法。A通勤・C年所得・D雇用名称ではない。 全肢と解説の判断をq-0387へ統合。履歴保持・習熟の自動移行なし。,q-0387,retired
q-0443,退役,,C2026年所得税復興込み。A住民税加算・B復興だけ・D住民税込みではない。 全肢と解説の判断をq-0377へ統合。履歴保持・習熟の自動移行なし。,q-0377,retired
q-0444,退役,,全肢・旧正答A・解説を確認。適用時期の限定なく2037年までと断定し、2026年度成立改正の2047年までの延長を反映しない。B2020〜2044、C2015〜2039、D2011〜2035も誤り。古い期間の暗記問題は退役し、2026年の税額表の使い方は377で学ぶ。異なる技能へのID再利用・習熟移行なし。期間を問う同一技能の統合先は設定しない。,,retired
q-0445,退役,,D基準所得税へ2.1%加算。A住民税・B給与総額・C社保ではない。適用年を限定した統合先で学ぶ。 全肢と解説の判断をq-0377へ統合。履歴保持・習熟の自動移行なし。,q-0377,retired
q-0446,退役,,A通常甲は申告書提出。B退職申告・C未提出ではない。D日雇の条件不足も解消した統合先を用いる。 全肢と解説の判断をq-0392へ統合。履歴保持・習熟の自動移行なし。,q-0392,retired
q-0447,退役,,C主1か所。A従のみ・B市町村のみ・D全勤務先ではない。 全肢と解説の判断をq-0378へ統合。履歴保持・習熟の自動移行なし。,q-0378,retired
q-0448,退役,,C未提出は原則乙。A退職手当・D主給与提出済は違う。B日雇は詳細条件が必要で、統合先で対象を限定。 全肢と解説の判断をq-0358へ統合。履歴保持・習熟の自動移行なし。,q-0358,retired
q-0449,退役,,A一定日雇丙。B賞与・C無期週給・D月給申告済ではない。日額時間額・日払の不足条件を統合先で補足。 全肢と解説の判断をq-0381へ統合。履歴保持・習熟の自動移行なし。,q-0381,retired
q-0450,修正,explanation question_text source_keys,協会けんぽと国内住所を限定。65歳で介護保険料不要と誤認させない。 全範囲・レッスンの完成・模試間の初見性は未承認。,,complete
q-0451,修正,distractor_feedback explanation question_text source_keys,本人の保険診療と給付の目的を明示。 全範囲・レッスンの完成・模試間の初見性は未承認。,,complete
q-0452,修正,choices explanation source_keys,窓口負担の全ては対象でない。2026年8月年間上限の追加とも矛盾させない。 全範囲・レッスンの完成・模試間の初見性は未承認。,,complete
q-0453,修正,explanation question_text source_keys,待期3日後4日目・部分給与差額・任意継続中の新発症を区別。 全範囲・レッスンの完成・模試間の初見性は未承認。,,complete
q-0454,修正,explanation source_keys,家族出産育児一時金と本人の出産手当金を区別。 全範囲・レッスンの完成・模試間の初見性は未承認。,,complete
q-0455,修正,explanation source_keys study_tier topic_key,健康保険トピックへの誤分類を年金へ訂正し通常コアへ。460の誤分類で隠れた通常年金技能不足を解消。 全範囲・レッスンの完成・模試間の初見性は未承認。,,complete
q-0456,修正,choices distractor_feedback explanation question_text source_keys,保険者という用語を説明し、他の医療保険と区別。 全範囲・レッスンの完成・模試間の初見性は未承認。,,complete
q-0457,修正,common_mistake distractor_feedback explanation question_text source_keys,2026年9月を限定、健康保険との等級差を説明。 全範囲・レッスンの完成・模試間の初見性は未承認。,,complete
q-0458,修正,distractor_feedback explanation question_text reference_sheet_slugs source_keys,1事業所の月例を限定。不要な東京保険料率の参照を外す。 全範囲・レッスンの完成・模試間の初見性は未承認。,,complete
q-0459,修正,distractor_feedback explanation question_text source_keys,適用除外と高齢任意加入を限定し、受給年齢と加入を分離。 全範囲・レッスンの完成・模試間の初見性は未承認。,,complete
q-0460,修正,explanation question_text source_keys topic_key,年金の通常コアへ誤分類されていた健康保険年齢問題を訂正。習熟を別技能へ移さない。 全範囲・レッスンの完成・模試間の初見性は未承認。,,complete
q-0461,修正,choices explanation question_text source_keys,居住・年齢・第3号扶養条件を限定。 公式教材全文・全模試初見性・教材全体の完成は未承認。,,complete
q-0462,修正,explanation question_text source_keys,対象月・届出月・適用月を分離。 公式教材全文・全模試初見性・教材全体の完成は未承認。,,complete
q-0463,修正,distractor_feedback explanation question_text source_keys,対象2月で割ることと11日基準との違いを説明。 公式教材全文・全模試初見性・教材全体の完成は未承認。,,complete
q-0464,修正,distractor_feedback explanation source_keys,定義と、毎月自動改定ではない点を補足。 公式教材全文・全模試初見性・教材全体の完成は未承認。,,complete
q-0465,修正,explanation question_text source_keys,2026年9月の健保50等級を年度限定。 公式教材全文・全模試初見性・教材全体の完成は未承認。,,complete
q-0466,修正,explanation question_text source_keys,高額報酬で保険別に等級が違う理由。 公式教材全文・全模試初見性・教材全体の完成は未承認。,,complete
q-0467,修正,choices explanation source_keys,恩恵と退職時を限定し、標準賞与と非対象を区別。 公式教材全文・全模試初見性・教材全体の完成は未承認。,,complete
q-0468,退役,,A現金定期券とも算入。B非課税除外・C現物除外・D月額賞与算入は違う。 全肢・解説の同じ判断をq-0254へ統合。履歴保持・習熟移行なし。,q-0254,retired
q-0469,修正,explanation question_text source_keys,継続現物と本人負担なしを限定。価額表の全計算は未確認。 公式教材全文・全模試初見性・教材全体の完成は未承認。,,complete
q-0470,修正,explanation source_keys,見舞金の名称でなく恩恵・臨時の性質。 公式教材全文・全模試初見性・教材全体の完成は未承認。,,complete
q-0471,修正,explanation question_text source_keys,賞与の支給期間を限定し月例と標準賞与を区別。 公式教材全文・全模試初見性・教材全体の完成は未承認。,,complete
q-0472,修正,explanation question_text source_keys,同じ性質の年4回賞与の取扱い。 公式教材全文・全模試初見性・教材全体の完成は未承認。,,complete
q-0473,退役,,C4〜6月9月。A7〜9月10月・B10〜12月1月・D1〜3月4月は違う。 全肢・解説の同じ判断をq-0462へ統合。履歴保持・習熟移行なし。,q-0462,retired
q-0474,修正,explanation question_text source_keys,日数・増減方向・上下限特例を前提に明示。 公式教材全文・全模試初見性・教材全体の完成は未承認。,,complete
q-0475,退役,,C2017年9月以来18.3固定。A企業規模・B組合・D都道府県厚年は違う。 全肢・解説の同じ判断をq-0480へ統合。履歴保持・習熟移行なし。,q-0480,retired
q-0476,修正,explanation source_keys,18.3÷2=9.15を説明。独立金額計算の件数には追加しない。 公式教材全文・全模試初見性・教材全体の完成は未承認。,,complete
q-0477,退役,,B加入支部。A企業人数・C居住市町村・D産業分類ではない。 全肢・解説の同じ判断をq-0480へ統合。履歴保持・習熟移行なし。,q-0480,retired
q-0478,修正,choices explanation question_text source_keys,任意継続と日雇特例4月、支援金開始を分離。 公式教材全文・全模試初見性・教材全体の完成は未承認。,,complete
q-0479,退役,,C全国一律、年度見直し。A組合別固定・B市町村毎月・D都道府県5年は違う。毎年必ず数値変更と読める説明を統合先で修正。 全肢・解説の同じ判断をq-0480へ統合。履歴保持・習熟移行なし。,q-0480,retired
q-0480,修正,choices explanation question_text source_keys,居住地でなく加入支部をケースに適用。年度見直しと毎年必ず変動を分離。 公式教材全文・全模試初見性・教材全体の完成は未承認。,,complete
q-0481,修正,explanation question_text source_keys,健康厚年月例の労使合計へ対象を限定。 公式教材全文・全模試初見性・教材全体の完成は未承認。,,complete
q-0482,修正,explanation question_text source_keys,協会けんぽ・第2号を限定し組合の負担特例と混同しない。 公式教材全文・全模試初見性・教材全体の完成は未承認。,,complete
q-0483,修正,explanation question_text source_keys,特約除外と50銭境界を説明。 公式教材全文・全模試初見性・教材全体の完成は未承認。,,complete
q-0484,修正,explanation question_text source_keys,特約除外と天引きとの差を説明。 公式教材全文・全模試初見性・教材全体の完成は未承認。,,complete
q-0485,修正,explanation source_keys,合計告知額から本人合計を引く理由。 公式教材全文・全模試初見性・教材全体の完成は未承認。,,complete
q-0486,修正,explanation question_text source_keys,翌月控除と賞与控除を分ける。 公式教材全文・全模試初見性・教材全体の完成は未承認。,,complete
q-0487,修正,explanation question_text source_keys,月末加入継続・免除なしを明示。 公式教材全文・全模試初見性・教材全体の完成は未承認。,,complete
q-0488,修正,explanation question_text source_keys,前月以前加入・月末外退職・翌月控除未徴収の条件。 公式教材全文・全模試初見性・教材全体の完成は未承認。,,complete
q-0489,修正,explanation question_text source_keys,前月以前加入・未徴収・引き切れる条件で二重控除防止。 公式教材全文・全模試初見性・教材全体の完成は未承認。,,complete
q-0490,修正,explanation source_keys,休日延長と本人控除日との区別。 公式教材全文・全模試初見性・教材全体の完成は未承認。,,complete
q-0491,修正,distractor_feedback explanation source_keys,固定給・課税だけという誤概念を訂正。 公式教材全文・全模試初見性・教材全体の完成は未承認。,,complete
q-0492,修正,distractor_feedback explanation question_text source_keys,9月基準、告示価額から本人負担を引く。 公式教材全文・全模試初見性・教材全体の完成は未承認。,,complete
q-0493,修正,choices distractor_feedback explanation question_text source_keys,同一事業所・同様業務・適用除外なしを明示。 公式教材全文・全模試初見性・教材全体の完成は未承認。 模試横断監査で通常問題とほぼ同じ暗記判断を確認し、同じ論点のケース適用へ改訂。原本の規則を適用して正答を再決定。,,complete
q-0494,修正,explanation question_text source_keys,下限を問うことで複数正解の読みに対処。 公式教材全文・全模試初見性・教材全体の完成は未承認。,,complete
q-0495,修正,explanation question_text role source_keys,法令基準を9月に揃え10月予定と区別。計算分類を知識へ。 公式教材全文・全模試初見性・教材全体の完成は未承認。,,complete
q-0496,修正,choices explanation question_text source_keys,必要期間と6月超も満たす曖昧さを解消。契約更新見込み。 公式教材全文・全模試初見性・教材全体の完成は未承認。,,complete
q-0497,修正,explanation source_keys,休学・夜間通信・4分の3学生の違い。 公式教材全文・全模試初見性・教材全体の完成は未承認。,,complete
q-0498,修正,explanation question_text source_keys,6か月以上見込み、法人合算、短時間除外人数。 公式教材全文・全模試初見性・教材全体の完成は未承認。,,complete
q-0499,修正,explanation question_text source_keys,月額判定と年換算目安を区別。 公式教材全文・全模試初見性・教材全体の完成は未承認。,,complete
q-0500,修正,explanation question_text source_keys,加入要件と加入後の報酬で範囲が違う理由。 公式教材全文・全模試初見性・教材全体の完成は未承認。,,complete
q-0501,修正,answer choices distractor_feedback explanation question_text role source_keys,常用使用・報酬ありを限定。 公式教材全文・全模試初見性・教材全体の完成は未承認。 模試横断監査で通常問題とほぼ同じ暗記判断を確認し、同じ論点のケース適用へ改訂。原本の規則を適用して正答を再決定。,,complete
q-0502,修正,explanation question_text source_keys,2026基準と2029施行・既存経過措置を区別。 公式教材全文・全模試初見性・教材全体の完成は未承認。,,complete
q-0503,修正,choices explanation source_keys,同意対象を被保険者となるべき人へ限定。 公式教材全文・全模試初見性・教材全体の完成は未承認。,,complete
q-0504,修正,explanation question_text source_keys,各月の下限と短時間の意味を補足。 公式教材全文・全模試初見性・教材全体の完成は未承認。,,complete
q-0505,修正,distractor_feedback explanation source_keys,定時決定の2か月平均と随時改定を分離。 公式教材全文・全模試初見性・教材全体の完成は未承認。,,complete
q-0506,修正,explanation question_text source_keys,障害の例外を除外、配偶者と年齢及び未満を明示。 公式教材全文・全模試初見性・教材全体の完成は未承認。,,complete
q-0507,修正,distractor_feedback explanation question_text source_keys,年末年齢・非配偶者・障害例外なしを明示。 公式教材全文・全模試初見性・教材全体の完成は未承認。,,complete
q-0508,修正,explanation,将来見込みと非課税収入を補足。契約方式の詳細計算は別途。 公式教材全文・全模試初見性・教材全体の完成は未承認。,,complete
q-0509,修正,explanation,三親等と生計維持の別条件を説明。 公式教材全文・全模試初見性・教材全体の完成は未承認。,,complete
q-0510,修正,explanation,協会の場合の事業主経由年金機構提出。 公式教材全文・全模試初見性・教材全体の完成は未承認。,,complete
q-0511,修正,explanation question_text source_keys,保険種類と対象月を限定、有給でも免除。 公式教材全文・全模試初見性・教材全体の完成は未承認。,,complete
q-0512,修正,explanation question_text source_keys,終了翌日と月末境界を例示。 公式教材全文・全模試初見性・教材全体の完成は未承認。,,complete
q-0513,修正,choices explanation question_text source_keys,14日要件の同月条件と賞与条件の分離。 公式教材全文・全模試初見性・教材全体の完成は未承認。,,complete
q-0514,退役,,養育・申出・日数を前提にし、最低等級差を問う。 公式教材全文・全模試初見性・教材全体の完成は未承認。 横断範囲監査：主催者の1級の具体的範囲に、産育休終了時改定・遡り昇給・メリット制として明記される。一方2級は基本的手続で、公式2026年2級本文未入手のため、この詳細を必須演習にする根拠はない。法令照合の結果は保存し、2級学習の時間を通常処理へ振り向けるため配信から除く。別技能の統合先なし。,,retired
q-0515,退役,,終了翌日の月を月末境界例で説明。 公式教材全文・全模試初見性・教材全体の完成は未承認。 横断範囲監査：主催者の1級の具体的範囲に、産育休終了時改定・遡り昇給・メリット制として明記される。一方2級は基本的手続で、公式2026年2級本文未入手のため、この詳細を必須演習にする根拠はない。法令照合の結果は保存し、2級学習の時間を通常処理へ振り向けるため配信から除く。別技能の統合先なし。,,retired
q-0516,退役,,次の日育休開始不可と下限の一意性を補足。 公式教材全文・全模試初見性・教材全体の完成は未承認。 横断範囲監査：主催者の1級の具体的範囲に、産育休終了時改定・遡り昇給・メリット制として明記される。一方2級は基本的手続で、公式2026年2級本文未入手のため、この詳細を必須演習にする根拠はない。法令照合の結果は保存し、2級学習の時間を通常処理へ振り向けるため配信から除く。別技能の統合先なし。,,retired
q-0517,修正,explanation source_keys,目的と要件を結びつける導入技能として維持。 公式教材全文・全模試初見性・教材全体の完成は未承認。,,complete
q-0518,修正,explanation source_keys,実績変化と単価・率の変化を分離。 公式教材全文・全模試初見性・教材全体の完成は未承認。,,complete
q-0519,修正,choices explanation source_keys,住宅手当を固定月額の新設へ限定。 公式教材全文・全模試初見性・教材全体の完成は未承認。,,complete
q-0520,修正,distractor_feedback explanation source_keys,随時対象外でも報酬・定時には入ることを説明。 公式教材全文・全模試初見性・教材全体の完成は未承認。,,complete
q-0521,退役,,C時給単価変更は固定。A非固定/B賞与/D臨時は違う。同じ単価と実績の判断を統合。 全文照合。履歴保持・習熟移行なし。,q-0518,retired
q-0522,修正,explanation source_keys,勤務月と支給月を例で分離。 公式教材全文・全模試初見性・教材全体の完成は未承認。,,complete
q-0523,修正,distractor_feedback explanation source_keys,起点を含め4か月目と数える。 公式教材全文・全模試初見性・教材全体の完成は未承認。,,complete
q-0524,退役,,C各月17。A1月のみ/B平均/D合計は違う。 全文照合。履歴保持・習熟移行なし。,q-0504,retired
q-0525,修正,explanation source_keys,平均実額ではなく等級表で決まる標準報酬を比較。 公式教材全文・全模試初見性・教材全体の完成は未承認。,,complete
q-0526,修正,explanation question_text source_keys,産育休と上下限の特例を除外。 公式教材全文・全模試初見性・教材全体の完成は未承認。,,complete
q-0527,退役,,D残業だけ固定なしは対象外。A即時/B残業固定翌月/C2等級のみでは要件不足。 全文照合。履歴保持・習熟移行なし。,q-0474,retired
q-0528,修正,explanation question_text source_keys,非固定減による逆方向ケースを通常演習に保持。 公式教材全文・全模試初見性・教材全体の完成は未承認。,,complete
q-0529,退役,,遡及差額を除く理由。 公式教材全文・全模試初見性・教材全体の完成は未承認。 横断範囲監査：主催者の1級の具体的範囲に、産育休終了時改定・遡り昇給・メリット制として明記される。一方2級は基本的手続で、公式2026年2級本文未入手のため、この詳細を必須演習にする根拠はない。法令照合の結果は保存し、2級学習の時間を通常処理へ振り向けるため配信から除く。別技能の統合先なし。,,retired
q-0530,修正,explanation question_text source_keys,同方向・特例なしを補足し必要条件を総合するコア。 公式教材全文・全模試初見性・教材全体の完成は未承認。,,complete
q-0531,修正,choices common_mistake distractor_feedback explanation misconception_key question_text source_keys,既存のケース条件・全誤答解説が十分で維持。 公式教材全文・全模試初見性・教材全体の完成は未承認。,,complete
q-0532,修正,distractor_feedback explanation question_text source_keys,入社日から資格取得の前提を明示。 公式教材全文・全模試初見性・教材全体の完成は未承認。,,complete
q-0533,修正,explanation source_keys,日給時給等の算定と区別。 公式教材全文・全模試初見性・教材全体の完成は未承認。,,complete
q-0534,修正,explanation question_text source_keys,資格喪失改定なし、6月取得との境界。 公式教材全文・全模試初見性・教材全体の完成は未承認。,,complete
q-0535,退役,,C取得月1か月。A翌月/B半月/D日割は違う。統合先の免除なし前提を使う。 全文照合。履歴保持・習熟移行なし。,q-0487,retired
q-0536,修正,distractor_feedback explanation source_keys,月末と月途中の翌日を暦で説明。 公式教材全文・全模試初見性・教材全体の完成は未承認。,,complete
q-0537,退役,,B前月まで。A日割/C当月/D半額は違う。勤務先分と後続制度を区別する統合先へ。 全文照合。履歴保持・習熟移行なし。,q-0488,retired
q-0538,退役,,C退職月分必要。A半額/B日割/D不要は違う。未徴収・免除なしの統合先へ。 全文照合。履歴保持・習熟移行なし。,q-0489,retired
q-0539,退役,,A前月と当月。B当月だけ限定/C半月/D翌月先取は違う。統合先で未徴収・引き切れる条件を明示済み。 全文照合。履歴保持・習熟移行なし。,q-0489,retired
q-0540,修正,explanation source_keys,資格喪失日と届出期限を区別。 公式教材全文・全模試初見性・教材全体の完成は未承認。,,complete
q-0541,修正,explanation question_text source_keys,免除なし・後続資格なし、厚年に限定。 公式教材全文・全模試初見性・教材全体の完成は未承認。,,complete
q-0542,修正,explanation question_text source_keys,先の厚年の還付と会社から本人への返還。 公式教材全文・全模試初見性・教材全体の完成は未承認。,,complete
q-0543,退役,,A年1見直し。B資格毎月/C扶養料率/D賞与毎月は違う。制度目的の説明を統合先へ追記。 全文照合。履歴保持・習熟移行なし。,q-0462,retired
q-0544,修正,answer choices distractor_feedback explanation question_text role,7月在籍と提出不要例外を分離。 公式教材全文・全模試初見性・教材全体の完成は未承認。 模試横断監査で通常問題とほぼ同じ暗記判断を確認し、同じ論点のケース適用へ改訂。原本の規則を適用して正答を再決定。,,complete
q-0545,退役,,A4〜6月。B6〜8/C1〜3/D3〜5は違う。 全文照合。履歴保持・習熟移行なし。,q-0462,retired
q-0546,退役,,C9〜翌8月。A7〜翌6/B8〜翌7/D10〜翌9は違う。 全文照合。履歴保持・習熟移行なし。,q-0462,retired
q-0547,修正,explanation source_keys,届書名と処理対象を対応。 公式教材全文・全模試初見性・教材全体の完成は未承認。,,complete
q-0548,修正,explanation question_text,下限を明示し複数正解の読みに対処。 公式教材全文・全模試初見性・教材全体の完成は未承認。,,complete
q-0549,修正,explanation question_text,通常演習の月選択ケースとして保持。 公式教材全文・全模試初見性・教材全体の完成は未承認。,,complete
q-0550,修正,explanation question_text,適用拡大区分と下限を明示。 公式教材全文・全模試初見性・教材全体の完成は未承認。,,complete
q-0551,修正,explanation question_text,4分3区分・定時決定と月選択例を明示。 公式教材全文・全模試初見性・教材全体の完成は未承認。,,complete
q-0552,修正,explanation question_text,従前と取得時を区別。 公式教材全文・全模試初見性・教材全体の完成は未承認。,,complete
q-0553,修正,explanation question_text source_keys,7月1日時点に限定し他除外事由なし。 公式教材全文・全模試初見性・教材全体の完成は未承認。,,complete
q-0554,修正,explanation source_keys,月給欠勤規程例外と有給日を説明。 公式教材全文・全模試初見性・教材全体の完成は未承認。,,complete
q-0555,修正,choices explanation source_keys,求職と他の受給要件を明示。 公式教材全文・全模試初見性・教材全体の完成は未承認。,,complete
q-0556,修正,explanation source_keys,基本手当と区別し新旧最大率の境界を補足。 公式教材全文・全模試初見性・教材全体の完成は未承認。,,complete
q-0557,修正,choices explanation source_keys,賃金ありなら必ず減額という誤読を修正。 公式教材全文・全模試初見性・教材全体の完成は未承認。,,complete
q-0558,修正,choices explanation source_keys,同一家族の通算・3回上限・他受給条件を説明。 公式教材全文・全模試初見性・教材全体の完成は未承認。,,complete
q-0559,修正,explanation question_text source_keys,民間適用事業の労働者に限定。 公式教材全文・全模試初見性・教材全体の完成は未承認。,,complete
q-0560,修正,explanation source_keys,業務性移動・逸脱中断の生活必要行為例外を補足。 公式教材全文・全模試初見性・教材全体の完成は未承認。,,complete
q-0561,修正,choices explanation source_keys,私傷病を除外し休業4日目と給付名を説明。 公式教材全文・全模試初見性・教材全体の完成は未承認。,,complete
q-0562,退役,,一定要件の事業に限定。詳細算式の暗記は求めない。 公式教材全文・全模試初見性・教材全体の完成は未承認。 横断範囲監査：主催者の1級の具体的範囲に、産育休終了時改定・遡り昇給・メリット制として明記される。一方2級は基本的手続で、公式2026年2級本文未入手のため、この詳細を必須演習にする根拠はない。法令照合の結果は保存し、2級学習の時間を通常処理へ振り向けるため配信から除く。別技能の統合先なし。,,retired
q-0563,修正,explanation question_text,書面本人取得を限定し番号・身元の二つを教える。 公式教材全文・全模試初見性・教材全体の完成は未承認。,,complete
q-0564,修正,explanation question_text source_keys,一般在職の労使折半と任意継続を区別。 公式教材全文・全模試初見性・教材全体の完成は未承認。,,complete
q-0565,修正,distractor_feedback explanation source_keys,全誤答フィードバックを補足。 公式教材全文・全模試初見性・教材全体の完成は未承認。,,complete
q-0566,修正,explanation question_text source_keys,労使合計・基金免除なしを指定。 公式教材全文・全模試初見性・教材全体の完成は未承認。,,complete
q-0567,修正,choices common_mistake distractor_feedback explanation question_text source_keys,資料の30万円例と一致していた答え漏れを32万円へ修正。 公式教材全文・全模試初見性・教材全体の完成は未承認。,,complete
q-0568,修正,explanation source_keys,年度・事業行・負担者列を読む。 公式教材全文・全模試初見性・教材全体の完成は未承認。,,complete
q-0569,修正,choices explanation source_keys,同じ5でも労使それぞれの分と説明。 公式教材全文・全模試初見性・教材全体の完成は未承認。,,complete
q-0570,修正,explanation question_text source_keys,健康・介護・支援金と適用月を分離。 公式教材全文・全模試初見性・教材全体の完成は未承認。,,complete
q-0571,修正,distractor_feedback explanation question_text source_keys,健康単独・円未満なし。通常演習では資料例を手順学習に使う。 公式教材全文・全模試初見性・教材全体の完成は未承認。,,complete
q-0572,修正,explanation question_text,国内・適用除外なし、医療加入不要を説明。 公式教材全文・全模試初見性・教材全体の完成は未承認。,,complete
q-0573,修正,explanation question_text,国内・適用除外なし、医療加入条件。 公式教材全文・全模試初見性・教材全体の完成は未承認。,,complete
q-0574,退役,,Bの65歳第2号→第1号が正答。A継続/C後期/D逆方向は誤り。全文確認しq-0450の同じ境界判断へ統合。既存履歴保持・習熟移行なし。,q-0450,retired
q-0575,修正,explanation,原因だけでなく市町村の認定が必要。 公式教材全文・全模試初見性・教材全体の完成は未承認。,,complete
q-0576,修正,common_mistake explanation question_text source_keys,到達前日・保険料対象月・給与控除月を分離。 公式教材全文・全模試初見性・教材全体の完成は未承認。,,complete
q-0577,修正,choices common_mistake distractor_feedback explanation question_text reference_sheet_slugs role source_keys,模試の不要な料率資料リンクを外し全誤答説明追加。 公式教材全文・全模試初見性・教材全体の完成は未承認。 模試横断監査で通常問題とほぼ同じ暗記判断を確認し、同じ論点のケース適用へ改訂。原本の規則を適用して正答を再決定。,,complete
q-0578,修正,explanation source_keys,社会保険と雇用保険の期限を対比。 公式教材全文・全模試初見性・教材全体の完成は未承認。,,complete
q-0579,修正,explanation source_keys,取得と喪失で雇用保険の起算が違う。 公式教材全文・全模試初見性・教材全体の完成は未承認。,,complete
q-0580,修正,explanation question_text source_keys,通常演習として残し、現物給付という用語を説明。 公式教材全文・全模試初見性・教材全体の完成は未承認。,,complete
q-0581,退役,,B月額上限。A保険料年超過/C出産全費/D休業給与は違う。統合先は保険診療の対象外費用と2026年8月年間上限も説明。 本文全肢解説を照合。旧履歴保持・別技能への習熟移行なし。,q-0452,retired
q-0582,退役,,D業務外本人休業。A労災/B出産/C家族介護は違う。通算1年6か月の固有説明は統合先へ追記。 本文全肢解説を照合。旧履歴保持・別技能への習熟移行なし。,q-0453,retired
q-0583,退役,,C本人出産休業。A費用/B配偶者医療/D扶養者育児は違う。期間の多胎・予定日遅延を補って統合。 本文全肢解説を照合。旧履歴保持・別技能への習熟移行なし。,q-0454,retired
q-0584,退役,,C出産費用。A所得/B高額医療/D介護は違う。被扶養者は家族出産育児一時金の説明を統合先に保持。 本文全肢解説を照合。旧履歴保持・別技能への習熟移行なし。,q-0454,retired
q-0585,退役,,D健保出産休業。A雇用全給与/B労災全費/C厚年育休は違う。予定日前42日一律ではなく実出産日と遅延の条件を統合先で補正。 本文全肢解説を照合。旧履歴保持・別技能への習熟移行なし。,q-0454,retired
q-0586,修正,explanation source_keys,保険者と加入事務の主体を区別。模試q456へ統合せず通常基礎を保持。 公式教材全文・教材全体の網羅性は未承認。,,complete
q-0587,修正,explanation source_keys,認可を得る主体と共同設立を説明。 公式教材全文・教材全体の網羅性は未承認。,,complete
q-0588,修正,explanation question_text source_keys,対象月と申出を前提化、給付と免除を区別。 公式教材全文・教材全体の網羅性は未承認。,,complete
q-0589,修正,explanation question_text source_keys,35歳の加入構造を通常演習に保持。 公式教材全文・教材全体の網羅性は未承認。,,complete
q-0590,退役,,B第1。A第2/C非加入/D第3は国内30歳非厚年第3不該当の条件と違う。 本文全肢解説を照合。旧履歴保持・別技能への習熟移行なし。,q-0461,retired
q-0591,退役,,D第2。A第1/B任意/C第3は35歳厚年加入に不適合。 本文全肢解説を照合。旧履歴保持・別技能への習熟移行なし。,q-0461,retired
q-0592,修正,explanation question_text source_keys,本人非厚年・扶養者第2号45歳を明示し条件不足を修正。 公式教材全文・教材全体の網羅性は未承認。,,complete
q-0593,修正,explanation source_keys,第2号全体の負担と個別徴収なしを説明。 公式教材全文・教材全体の網羅性は未承認。,,complete
q-0594,修正,explanation question_text source_keys,70歳の通常演習を保持し任意加入例外除外。 公式教材全文・教材全体の網羅性は未承認。,,complete
q-0595,修正,explanation source_keys,通常の68歳ケースで受給と加入を分離。 公式教材全文・教材全体の網羅性は未承認。,,complete
q-0596,修正,explanation question_text source_keys,試用初日から実際の加入要件を満たすと明示。 公式教材全文・教材全体の網羅性は未承認。,,complete
q-0597,退役,,D労使折半。A国/B会社全/C本人全は違う。組合規約例外や年齢を明示済みの統合先へ。 本文全肢解説を照合。旧履歴保持・別技能への習熟移行なし。,q-0482,retired
q-0598,退役,,C18.3固定。A毎年改定/B9.15固定/D9.15毎年は違う。2017年9月からという説明を統合先へ追記。 本文全肢解説を照合。旧履歴保持・別技能への習熟移行なし。,q-0566,retired
q-0599,退役,,D9.15。A8.15/B10.15/C合計18.3は違う。18.3/2=9.15の率の独立照合。 本文全肢解説を照合。旧履歴保持・別技能への習熟移行なし。,q-0476,retired
q-0600,退役,,D支部ごと年度見直し。A市区町村3年/B永久全国/C会社任意は違う。毎年数値が必ず変わるという読みは統合先で明確化済み。 本文全肢解説を照合。旧履歴保持・別技能への習熟移行なし。,q-0480,retired
q-0601,退役,,A3月。B1/C4/D9は一般被保険者の2026適用月と違う。固定した年度・任意継続除外の統合先へ。 本文全肢解説を照合。旧履歴保持・別技能への習熟移行なし。,q-0478,retired
q-0602,退役,,B全国年度見直し。A永久固定/C市区町村/D県別は違う。毎年率が必ず変わる意味でないことは統合先に説明。 本文全肢解説を照合。旧履歴保持・別技能への習熟移行なし。,q-0480,retired
q-0603,退役,,C3月。A4/B2/D5は翌月控除で4月支給給与に不適合。同じ前月控除技能。 本文全肢解説を照合。旧履歴保持・別技能への習熟移行なし。,q-0486,retired
q-0604,退役,,A翌月末。B翌10/C当月末/D翌々月末は違う。休日の場合も統合先で説明済み。 本文全肢解説を照合。旧履歴保持・別技能への習熟移行なし。,q-0490,retired
q-0605,修正,explanation source_keys,算定の目的を通常演習に保持。q464は模試専用。 公式教材全文・教材全体の網羅性は未承認。,,complete
q-0606,退役,,A現金定期とも含む。B現金除外/C非課税除外/D両除外は違う。現物定期の説明を統合先へ追記。 本文全肢解説を照合。旧履歴保持・別技能への習熟移行なし。,q-0254,retired
q-0607,退役,,B所定現物換算。A希望だけ/C全賞与/D現金以外除外は違う。本人負担なし前提が明確な統合先へ。 本文全肢解説を照合。旧履歴保持・別技能への習熟移行なし。,q-0469,retired
q-0608,退役,,D臨時恩恵結婚祝金。A家族/B通勤/C住宅各継続手当は報酬。同じ労働対償と慶弔金判断を統合。 本文全肢解説を照合。旧履歴保持・別技能への習熟移行なし。,q-0467,retired
q-0609,退役,,登録C年4回だがA年5回も包含し複数正解になり得る。B2回/D1回一律は違う。同じ性質・臨時増回除外と月換算の条件が明確な統合先へ退役。 本文全肢解説を照合。旧履歴保持・別技能への習熟移行なし。,q-0472,retired
q-0610,修正,explanation question_text source_keys,資格喪失日起算・休日・郵送到着・継続2月を説明。 公式教材全文・教材全体の網羅性は未承認。,,complete
q-0611,修正,explanation question_text source_keys,後期医療対象外・退職資格喪失を明示。 全体の網羅性・全模試初見性は未承認。,,complete
q-0612,修正,explanation question_text,同事業所同様業務との所定比較。模試493と別に通常基礎を保持。 全体の網羅性・全模試初見性は未承認。,,complete
q-0613,退役,,D51下限だがA101も条件を満たす読みになる。B21/C31は当年不足。年度・下限が明確な統合先へ。 全文全肢を照合。履歴保持・習熟移行なし。,q-0498,retired
q-0614,退役,,D同法人合算。A個事業所/B市/C県は法人単位違い。統合先に合算法あり。 全文全肢を照合。履歴保持・習熟移行なし。,q-0498,retired
q-0615,退役,,B短時間除外・共済含。A雇用全/C役員除外全日だけ/D70健康だけは違う。同じ対象人数の説明を統合先に保持。 全文全肢を照合。履歴保持・習熟移行なし。,q-0498,retired
q-0616,退役,,D20下限だがB25/C30も条件を満たす。A15不足。下限明示済みの統合先へ。 全文全肢を照合。履歴保持・習熟移行なし。,q-0494,retired
q-0617,修正,explanation question_text source_keys,基準日固定と1か月超賞与を明示。 全体の網羅性・全模試初見性は未承認。,,complete
q-0618,退役,,D学生例外。A必ず加入/B無関係/C夜間等も一律除外は違う。 全文全肢を照合。履歴保持・習熟移行なし。,q-0497,retired
q-0619,退役,,A当初から。B一律非加入/C実際3月超/D更新翌月は違う。通常業務の更新見込み条件を統合先に保持。 全文全肢を照合。履歴保持・習熟移行なし。,q-0496,retired
q-0620,退役,,D6月下限だがB12月全部も満たす。A3月/C1日だけは不足。説明に1年6月を明示済みの統合先へ。 全文全肢を照合。履歴保持・習熟移行なし。,q-0498,retired
q-0621,修正,choices explanation question_text source_keys,無報酬法人を除き、報酬ある事業主1人を具体化。 全体の網羅性・全模試初見性は未承認。,,complete
q-0622,退役,,A5人法定業種。B51は下限でなく/C1/D3業種不問は違う。9月基準日と2029経過措置の説明がある統合先へ。 全文全肢を照合。履歴保持・習熟移行なし。,q-0502,retired
q-0623,退役,,A要件満たす全員。B同意者/C正社員だけ/D事業主選択だけは違う。 全文全肢を照合。履歴保持・習熟移行なし。,q-0503,retired
q-0624,修正,explanation source_keys,制度単位の選択と従業員任意選択を分離。 全体の網羅性・全模試初見性は未承認。,,complete
q-0625,修正,explanation question_text source_keys,税引前標準賞与の丸めと保険料の丸めを分離。 全体の網羅性・全模試初見性は未承認。,,complete
q-0626,修正,distractor_feedback explanation question_text source_keys,同月1回・税引前・上限なしを指定し全誤答説明。 全体の網羅性・全模試初見性は未承認。,,complete
q-0627,退役,,A130基準だがB103未満も130未満という読みになる。C150/D180は特例。基準額と障害除外が明確な統合先へ。 全文全肢を照合。履歴保持・習熟移行なし。,q-0506,retired
q-0628,修正,distractor_feedback explanation question_text source_keys,年末年齢への適用ケースに改訂し模試507の基本知識と区別。 全体の網羅性・全模試初見性は未承認。,,complete
q-0629,修正,explanation question_text,同居不要な者だけと明示し他要件を保持。 全体の網羅性・全模試初見性は未承認。,,complete
q-0630,修正,explanation question_text,原則と生計維持の例外認定を区別。 全体の網羅性・全模試初見性は未承認。,,complete
q-0631,退役,,B認定5日事業主経由。A10日本人/C資格取得/D月変は違う。認定と削除の期限の違いを踏まえ、統合先へ新規認定5日だけ追記。 全文全肢を照合。履歴保持・習熟移行なし。,q-0510,retired
q-0632,修正,distractor_feedback explanation question_text source_keys,対象月・申出条件を追加。 全体の網羅性・全模試初見性は未承認。,,complete
q-0633,退役,,D月末。A賞与日/B月初/C給与日は月例免除の月末基準ではない。開始月14日特例との違いを統合先に保持。 全文全肢を照合。履歴保持・習熟移行なし。,q-0513,retired
q-0634,退役,,C14が下限だがA30も満たす読み。B7/D10不足。開始日と終了翌日の同月条件・14日を明示済みの統合先へ。 全文全肢を照合。履歴保持・習熟移行なし。,q-0513,retired
q-0635,退役,,D月額のみ。A双方/B双方不適用/C賞与だけは違う。賞与には末日含む連続1か月超が別途必要と統合先に説明済み。 全文全肢を照合。履歴保持・習熟移行なし。,q-0513,retired
q-0636,退役,,A1等級下限。B3/C4/D2は下限でない。養育年齢・申出・日数・固定変動不要の条件がある統合先へ。 全文全肢を照合。履歴保持・習熟移行なし。 横断範囲監査で統合先q-0514も2級必須演習への採用根拠不足により退役。旧統合判断はformer_merged_intoへ残し、現行問題への統合・習熟移行は行わない。,,retired
q-0637,退役,,D1等級下限。A3/B2/C4は下限でない。翌日育休除外・養育・申出・日数条件がある統合先へ。 全文全肢を照合。履歴保持・習熟移行なし。 横断範囲監査で統合先q-0516も2級必須演習への採用根拠不足により退役。旧統合判断はformer_merged_intoへ残し、現行問題への統合・習熟移行は行わない。,,retired
q-0638,退役,,産休翌日育休不可と申出条件を付記。 全体の網羅性・全模試初見性は未承認。 横断範囲監査：主催者の1級の具体的範囲に、産育休終了時改定・遡り昇給・メリット制として明記される。一方2級は基本的手続で、公式2026年2級本文未入手のため、この詳細を必須演習にする根拠はない。法令照合の結果は保存し、2級学習の時間を通常処理へ振り向けるため配信から除く。別技能の統合先なし。,,retired
q-0639,修正,distractor_feedback explanation question_text source_keys,継続加入・免除なしで同月得喪を除外。 全体の網羅性・全模試初見性は未承認。,,complete
q-0640,修正,explanation question_text source_keys,月末退職の通常ケースを保持し控除済月と分離。 全体の網羅性・全模試初見性は未承認。,,complete
q-0641,退役,,A固定。B賞与/C非固定だけ/D扶養人数だけは違う。固定変動から3月日数等の統合先へ。 全文全肢を照合。履歴保持・習熟移行なし。,q-0474,retired
q-0642,修正,choices distractor_feedback explanation question_text source_keys,定額役職新設の模試ケースを明確化。 全公式教材・全模試初見性の承認ではない。,,complete
q-0643,退役,,B3月。A1/C2/D6は通常随時の期間でない。 全文全肢を照合。履歴保持・習熟移行なし。,q-0474,retired
q-0644,退役,,A17が下限だがC30/D20も満たす。B11は短時間区分。下限と一般短時間区別の統合先へ。 全文全肢を照合。履歴保持・習熟移行なし。,q-0504,retired
q-0645,退役,,B2等級が下限だがC4/D3も満たす。A1は通常不足。特例を除いた統合先へ。 全文全肢を照合。履歴保持・習熟移行なし。,q-0474,retired
q-0646,退役,,D同方向。A賞与/B日数/C所得税は比較方向違い。単純暗記から逆方向の適用例へ統合。 全文全肢を照合。履歴保持・習熟移行なし。,q-0528,retired
q-0647,修正,explanation source_keys,月変を速やかに提出する通常演習。 全公式教材・全模試初見性の承認ではない。,,complete
q-0648,退役,,A時給単価。B残業量/C臨時賞与/D実費は固定でない。 全文全肢を照合。履歴保持・習熟移行なし。,q-0518,retired
q-0649,修正,choices explanation question_text source_keys,否定設問の結論を明示し施行日を区別。 全公式教材・全模試初見性の承認ではない。,,complete
q-0650,修正,distractor_feedback explanation question_text source_keys,35歳・除外なし・所定内賃金・所定時間を指定。 全公式教材・全模試初見性の承認ではない。,,complete
q-0651,修正,choices distractor_feedback explanation question_text source_keys,入社日から要件を満たす契約月給の手続。 全公式教材・全模試初見性の承認ではない。,,complete
q-0652,修正,explanation question_text source_keys,加入継続を明示。6月境界と通常定時対象外を説明。 全公式教材・全模試初見性の承認ではない。,,complete
q-0653,修正,explanation source_keys,健保組合の提出先も年金機構一律としない。 全公式教材・全模試初見性の承認ではない。,,complete
q-0654,修正,explanation question_text source_keys,使用開始と署名日を区別。 全公式教材・全模試初見性の承認ではない。,,complete
q-0655,退役,,B取得時報酬。A所得税/C年賞与/D日数だけは違う。契約報酬から決める通常演習へ。 全文全肢を照合。履歴保持・習熟移行なし。,q-0533,retired
q-0656,修正,choices distractor_feedback explanation question_text source_keys,支給が遅れた手当のケースで模試651と区別。 全公式教材・全模試初見性の承認ではない。,,complete
q-0657,退役,,C取得月1月。A翌月/B日割/D全免除は違う。継続加入・免除なし前提を持つ統合先へ。 全文全肢を照合。履歴保持・習熟移行なし。,q-0487,retired
q-0658,退役,,C取得月。A翌々/B翌月は違う。D翌日属月も月末以外は重なる曖昧さを退役し統合先の明確な条件へ。 全文全肢を照合。履歴保持・習熟移行なし。,q-0487,retired
q-0659,修正,explanation question_text source_keys,喪失日と届出起算を説明。 全公式教材・全模試初見性の承認ではない。,,complete
q-0660,退役,,A通常前月まで。B取得同月なら起こり得るため原問に条件不足。C翌月/D日割は違う。前月以前加入・免除なしの具体例へ統合。 全文全肢を照合。履歴保持・習熟移行なし。,q-0639,retired
q-0661,退役,,C通常退職月まで。A日割/B前月/D半額は違う。継続加入・免除なしの明確な例へ。 全文全肢を照合。履歴保持・習熟移行なし。,q-0640,retired
q-0662,退役,,B2月分だが未徴収等の条件不足。A/Dはすでに控除済ならあり得る。C翌月先取りは違う。未徴収・引き切れる条件がある統合先へ。 全文全肢を照合。履歴保持・習熟移行なし。,q-0489,retired
q-0663,修正,explanation question_text source_keys,同月得喪と免除を除き通常の期間を問う。 全公式教材・全模試初見性の承認ではない。,,complete
q-0664,退役,,D1月。A2月/B日割/C不要は本条件で違う。保険料免除なし・後続年金なしを明記済みの統合先へ。 全文全肢を照合。履歴保持・習熟移行なし。,q-0541,retired
q-0665,退役,,A区別。B常同/C支給日だけ/D締切だけは違う。翌月控除で前月分を引く具体説明へ。 全文全肢を照合。履歴保持・習熟移行なし。,q-0486,retired
q-0666,修正,explanation question_text,7月基準の通常演習を保持し提出除外を明示。 全公式教材・全模試初見性の承認ではない。,,complete
q-0667,退役,,D4〜6。A3〜5/B5〜7/C6〜8は違う。 全文全肢を照合。履歴保持・習熟移行なし。,q-0462,retired
q-0668,退役,,B5・6月。A不足4だけ/C全月/D不足4含は違う。17日以上2か月・不足1か月の同じ月選択技能を通常演習へ統合。 全文全肢を照合。履歴保持・習熟移行なし。,q-0549,retired
q-0669,退役,,A11下限。B15/D17も満たし複数解釈、C10不足。適用拡大区分と下限が明確な統合先へ。 全文全肢を照合。履歴保持・習熟移行なし。,q-0550,retired
q-0670,退役,,D9〜翌8。A8〜7/B10〜9/C7〜6は違う。 全文全肢を照合。履歴保持・習熟移行なし。,q-0462,retired
q-0671,修正,distractor_feedback explanation question_text source_keys,給与形態の違いと有給を模試全肢で説明。 全模試の初見性・難易度の横断承認は別途必要。,,complete
q-0672,退役,,A報酬実態調整。B扶養給付率/C賞与だけ/D所定日数は目的でない。 全文全肢を照合。履歴保持・習熟移行なし。,q-0462,retired
q-0673,修正,distractor_feedback explanation question_text reference_sheet_slugs source_keys,継続事業・確定2025と概算2026を明記。 全模試の初見性・難易度の横断承認は別途必要。,,complete
q-0674,修正,distractor_feedback explanation lesson question_text role source_keys topic_key unit,年度更新という誤分類を保険料計算の負担技能へ訂正。 全模試の初見性・難易度の横断承認は別途必要。,,complete
q-0675,修正,common_mistake distractor_feedback question_text source_keys,雇用料1500→控除後255930→甲1の4710を表原本と独立照合。 全模試の初見性・難易度の横断承認は別途必要。,,complete
q-0676,修正,choices distractor_feedback explanation question_text source_keys,税額行を設問から除き、255930の行と0人6320を自分で選ぶ。 全模試の初見性・難易度の横断承認は別途必要。,,complete
q-0677,修正,common_mistake distractor_feedback question_text source_keys,270000/160=1687.5→1688、21100+5064=26164を登録正答前に独立計算。 全模試の初見性・難易度の横断承認は別途必要。,,complete
q-0678,修正,common_mistake distractor_feedback question_text source_keys,280000/160=1750、10937.5→10938+7875=18813。別分解8×125％+3×25％も正しい。 全模試の初見性・難易度の横断承認は別途必要。,,complete
q-0679,修正,question_text source_keys,対象月・翌月給与・在職・免除なしを明示。14775+345+27450=42570独立計算。 全模試の初見性・難易度の横断承認は別途必要。,,complete
q-0680,修正,exam_role explanation role source_keys study_tier,非課税通勤・賞与・残業を賃金に含む根拠を画像で確認。 全模試の初見性・難易度の横断承認は別途必要。,,complete
q-0681,修正,distractor_feedback explanation question_text source_keys,加入中の通常給与と本人分の控除時期を明確化。 全模試の初見性・難易度の横断承認は別途必要。,,complete
q-0682,修正,distractor_feedback explanation question_text source_keys,給与天引きという不足条件を追加。50銭ちょうどの判定を区別。 全模試の初見性・難易度の横断承認は別途必要。,,complete
q-0683,退役,,C会社全額。A本人/B国本人折半/D労使折半は誤り。同じ負担技能へ統合。 全文全肢を照合。履歴保持・習熟移行なし。,q-0674,retired
q-0684,修正,category explanation lesson question_text source_keys study_tier topic_key unit,年度更新の通常学習コアを実際の年次申告技能へ差替。 全模試の初見性・難易度の横断承認は別途必要。,,complete
q-0685,修正,distractor_feedback explanation source_keys,現金の支給と控除、勤怠の単位を模試全肢で解説。 全模試の初見性・難易度の横断承認は別途必要。,,complete
q-0686,修正,explanation question_text source_keys study_tier,支給項目を限定し総支給集計の通常コアに昇格。 全模試の初見性・難易度の横断承認は別途必要。,,complete
q-0687,修正,explanation question_text source_keys,現金支給・所得税非課税の二軸を明示。 全模試の初見性・難易度の横断承認は別途必要。,,complete
q-0688,修正,explanation question_text source_keys,合理的運賃である必要条件を追加し超過部分を判定。 全模試の初見性・難易度の横断承認は別途必要。,,complete
q-0689,退役,,D標準報酬×本人率。A課税/B差引会社率/C総支給会社率は誤り。統合先の標準報酬と本人割合の説明に重複。 全文全肢を照合。履歴保持・習熟移行なし。,q-0481,retired
q-0690,退役,,C標準報酬×本人率。A差引会社率/B非課税額/D課税会社率は誤り。統合先は健康と厚年・本人割合を説明。 全文全肢を照合。履歴保持・習熟移行なし。,q-0481,retired
q-0691,退役,,B通勤全額。A非課税除外/C標準報酬だけ/D超過だけは誤り。統合先に非課税通勤の算入を明記。 全文全肢を照合。履歴保持・習熟移行なし。,q-0680,retired
q-0692,修正,explanation question_text source_keys,提示料率が本人負担率と明示。 全模試の初見性・難易度の横断承認は別途必要。,,complete
q-0693,修正,explanation question_text source_keys,曖昧な課税対象額という呼称を月額表の途中値へ明確化。 全模試の初見性・難易度の横断承認は別途必要。,,complete
q-0694,修正,answer calc_params choices common_mistake distractor_feedback explanation question_text source_keys,280000−10000−39840=230160を正答前に独立計算。その他なしを明記。 全模試の初見性・難易度の横断承認は別途必要。,,complete
q-0695,退役,,A自治体月割額。B所得税率/C標準報酬/D月総支給率は誤り。通知月額の通常コアへ統合。 全文全肢を照合。履歴保持・習熟移行なし。,q-0399,retired
q-0696,退役,,C税額表の基礎から住民税を引かない。A非課税扱い/B報酬控除/D社会保険扱いは誤り。統合先に住民税除外不可を明記。 全文全肢を照合。履歴保持・習熟移行なし。,q-0693,retired
q-0697,修正,explanation source_keys,会社負担分を給与へ転嫁できないことも補足。 全模試の初見性・難易度の横断承認は別途必要。,,complete
q-0698,修正,choices explanation question_text source_keys,社内預金には本人任意・管理協定・保全等も必要と明示。 全模試の初見性・難易度の横断承認は別途必要。,,complete
q-0699,修正,choices explanation question_text source_keys study_tier,税額表の事前確認自体が誤りになる元の曖昧さを解消。通常コアを処理順序へ。 全模試の初見性・難易度の横断承認は別途必要。,,complete
q-0700,修正,explanation source_keys study_tier topic_key,処理順序の誤分類を支給項目の判定技能へ訂正。 全模試の初見性・難易度の横断承認は別途必要。,,complete
q-0701,修正,answer calc_params choices common_mistake distractor_feedback explanation question_text source_keys,200000+20000=220000を正答前に独立計算。 全公式教材・模試横断の承認ではない。,,complete
q-0702,修正,explanation question_text source_keys,現金住宅手当と社宅現物を区別。 全公式教材・模試横断の承認ではない。,,complete
q-0703,修正,explanation source_keys,扶養人数・割増基礎との混同を解消。 全公式教材・模試横断の承認ではない。,,complete
q-0704,退役,,A異なる場合。B総支給/C課税/D手取と常同は違う。等級の幅に当てはめる統合先の説明へ。 全文全肢を照合。履歴保持・習熟移行なし。,q-0605,retired
q-0705,修正,explanation question_text source_keys,様式が全社一律義務という誤読を避ける。 全公式教材・模試横断の承認ではない。,,complete
q-0706,修正,explanation question_text source_keys,指定は適法な労使取扱いである条件を追加。 全公式教材・模試横断の承認ではない。,,complete
q-0707,退役,,A個別指定。B/C/D一方の方法へ統一は指定違い。適法な指定を明記する統合先へ。 全文全肢を照合。履歴保持・習熟移行なし。,q-0706,retired
q-0708,修正,explanation source_keys,200000+20000+10000=230000を独立計算、初心者の支給合算を保持。 全公式教材・模試横断の承認ではない。,,complete
q-0709,退役,,B190000。230000−10000−30000と正答前に計算。A社会保険漏れ/C非課税漏れ/D両方漏れ。同じ控除後給与技能へ。 全文全肢を照合。履歴保持・習熟移行なし。,q-0374,retired
q-0710,退役,,D所得税控除。A非課税加算/B住民税変更/C標準報酬変更は違う。金額が明示され計算ではない法定控除の重複。 全文全肢を照合。履歴保持・習熟移行なし。,q-0697,retired
q-0711,退役,,C甲。A賞与/B退職/D乙は提出済み通常月給と違う。居住者条件付きの統合先へ。 全文全肢を照合。履歴保持・習熟移行なし。,q-0357,retired
q-0712,修正,distractor_feedback explanation question_text source_keys,居住者と通常月給・特例除外を明示。 全公式教材・模試横断の承認ではない。,,complete
q-0713,修正,choices explanation question_text source_keys,2026年9月の源泉控除対象親族・障害者等加算を補足。 全公式教材・模試横断の承認ではない。,,complete
q-0714,退役,,A要件。B会社手当/C同居/D住民票だけは不足。所得年齢と申告要件の同じ技能へ。 全文全肢を照合。履歴保持・習熟移行なし。,q-0713,retired
q-0715,退役,,B控除後税額確定。A標準報酬前除外/C支給加算/D非課税判定前では誤り。 全文全肢を照合。履歴保持・習熟移行なし。,q-0699,retired
q-0716,退役,,D別控除。A標準報酬加算/B非課税扱い/C社会保険扱いは誤り。 全文全肢を照合。履歴保持・習熟移行なし。,q-0693,retired
q-0717,修正,explanation question_text source_keys,現金給与の条件と税額表途中値の違いを説明。 全公式教材・模試横断の承認ではない。,,complete
q-0718,退役,,B支給に含む。A不支給/C控除移行/D標準報酬だけは違う。現金通勤の統合先へ。 全文全肢を照合。履歴保持・習熟移行なし。,q-0687,retired
q-0719,退役,,A15万円超課税には合理的運賃等の条件不足。B全非課税/C逆/D全課税は原則と違う。条件補充済み統合先へ。 全文全肢を照合。履歴保持・習熟移行なし。,q-0688,retired
q-0720,退役,,A合理的。B最遠/C最高希望/D定額15万円は違う。統合先は最高限度と合理的額を区別済み。 全文全肢を照合。履歴保持・習熟移行なし。,q-0252,retired
q-0721,退役,,B非課税含む。A除外/C賞与/D課税だけは違う。通常通勤と現物月割も含む統合先へ。 全文全肢を照合。履歴保持・習熟移行なし。,q-0254,retired
q-0722,修正,explanation source_keys,労働対価と実費弁償を対比。 全公式教材・模試横断の承認ではない。,,complete
q-0723,退役,,D標準賞与だが年4回以上等の条件不足。A非課税振替/B直接加算/C基本給組込は誤り。年3回・3か月超の条件済みへ統合。 全文全肢を照合。履歴保持・習熟移行なし。,q-0471,retired
q-0724,修正,explanation question_text source_keys,税額が必ず増えるとの誤学習を防止。 全公式教材・模試横断の承認ではない。,,complete
q-0725,修正,choices explanation question_text source_keys,給与控除額が必ず減るという断定を端数考慮へ修正。 全公式教材・模試横断の承認ではない。,,complete
q-0726,修正,explanation question_text source_keys,社会保険料等が正の額という不足条件を追加。 全公式教材・模試横断の承認ではない。,,complete
q-0727,退役,,B標準報酬だが本人率の明示が不足。A総支給/C課税/D手取は違う。統合先は労使合計率と本人割合を分ける。 全文全肢を照合。履歴保持・習熟移行なし。,q-0481,retired
q-0728,退役,,C該当月額。A税基礎加算/B年額全部/D独自均等は誤り。通常徴収の通知額技能へ。 全文全肢を照合。履歴保持・習熟移行なし。,q-0399,retired
q-0729,退役,,A支給−控除。B基本給−通勤/C課税と標準/D社会保険−税は違う。同じ算式へ。 全文全肢を照合。履歴保持・習熟移行なし。,q-0717,retired
q-0730,退役,,A法定控除。B単位混在/C支給/D時間は控除金額でない。同じ4項目の区分へ。 全文全肢を照合。履歴保持・習熟移行なし。,q-0697,retired
q-0731,修正,explanation source_keys,相殺する誤りを差引一致だけで見逃さない。 全公式教材・模試横断の承認ではない。,,complete
q-0732,修正,explanation source_keys,所得税0円と他控除の独立を保持。 全公式教材・模試横断の承認ではない。,,complete
q-0733,退役,,D差額。A控除合算を支給/B加算と標準/C課税非課税相殺は違う。同じ差引算式へ。 全文全肢を照合。履歴保持・習熟移行なし。,q-0717,retired
q-0734,修正,answer calc_params choices common_mistake distractor_feedback explanation question_text reference_sheet_slugs source_keys,200000×197/4000=9850、×23/20000=230、合計10080を独立確認。 全教材の網羅性・全模試横断の承認とは区別。,,complete
q-0735,修正,distractor_feedback explanation question_text source_keys,基礎不変と料率等による保険料変化を区別。 全教材の網羅性・全模試横断の承認とは区別。,,complete
q-0736,退役,,B基本通勤残業すべて。A残業除外/C通勤除外/D基本のみは誤り。統合先は3項目の算入を説明。 全文全肢を照合。履歴保持・習熟移行なし。,q-0470,retired
q-0737,退役,,D実費旅費。A住宅/B残業/C通勤は報酬。対価と実費弁償の同じ技能へ。 全文全肢を照合。履歴保持・習熟移行なし。,q-0467,retired
q-0738,修正,explanation question_text source_keys,協会けんぽと民間の負担比較。 全教材の網羅性・全模試横断の承認とは区別。,,complete
q-0739,退役,,D40以上65未満医療。A高齢/B65以下雇用/C不正な範囲は誤り。国内住所・適用除外なしを明示済みの通常コアへ。 全文全肢を照合。履歴保持・習熟移行なし。,q-0573,retired
q-0740,修正,explanation question_text source_keys,4/15前日の4/14。国内住所と除外なしを明記。 全教材の網羅性・全模試横断の承認とは区別。,,complete
q-0741,修正,explanation question_text source_keys,5/1前日4/30だから4月分。免除なし明記。 全教材の網羅性・全模試横断の承認とは区別。,,complete
q-0742,修正,explanation question_text source_keys,9/10前日9/9。国内住所を明示。 全教材の網羅性・全模試横断の承認とは区別。,,complete
q-0743,修正,explanation question_text source_keys,10/1前日9/30、前月8月分まで。翌月給与との違い。 全教材の網羅性・全模試横断の承認とは区別。,,complete
q-0744,退役,,Cは給与天引きだが本文に方法がなくB現金払いも成立。天引き明示・50銭境界の統合先へ。 全文全肢を照合。履歴保持・習熟移行なし。,q-0483,retired
q-0745,退役,,A51銭切上げ、B切捨/C小数/D50銭置換は違う。給与天引きの50.50/50.51円具体例の統合先へ。 全文全肢を照合。履歴保持・習熟移行なし。,q-0483,retired
q-0746,退役,,B標準×本人率後円処理。A全額控除/C総支給100円/D基本給10円は誤り。基礎・負担割合・端数を説明済みの通常演習へ。 全文全肢を照合。履歴保持・習熟移行なし。,q-0481,retired
q-0747,修正,explanation question_text source_keys,特約で認められる端数処理の判断。 全教材の網羅性・全模試横断の承認とは区別。,,complete
q-0748,修正,explanation question_text source_keys,指定の仮率で200000×0.099/2=9900を独立計算。 全教材の網羅性・全模試横断の承認とは区別。,,complete
q-0749,修正,answer calc_params distractor_feedback explanation question_text source_keys,200000×0.0162/2=1620独立計算。45歳・2026対象月明示。 全教材の網羅性・全模試横断の承認とは区別。,,complete
q-0750,修正,choices explanation question_text source_keys,厚年加入を明示し2026年4月の支援金漏れを修正。 全教材の網羅性・全模試横断の承認とは区別。,,complete
q-0751,修正,choices explanation question_text source_keys,対象月ずっと39歳・協会加入と支援金を明示。 全教材の網羅性・全模試横断の承認とは区別。,,complete
q-0752,退役,,C標準月額/賞与。A/B/D総支給は違う。年4回以上等を明示しない不足を、年3回と対象期間明確な統合先で解消。 全文全肢を照合。履歴保持・習熟移行なし。,q-0471,retired
q-0753,修正,explanation question_text source_keys,双方の当月適用標準額が30万円と指定。 全教材の網羅性・全模試横断の承認とは区別。,,complete
q-0754,退役,,C月額、A/B日割/D翌月開始は誤り。ただし免除・同月喪失条件不足を統合先で解消。 全文全肢を照合。履歴保持・習熟移行なし。,q-0487,retired
q-0755,退役,,C月単位、A時間割/B/D日割は誤り。元解説は同月得喪を除かず、条件明確な通常期間の統合先へ。 全文全肢を照合。履歴保持・習熟移行なし。,q-0663,retired
q-0756,退役,,D前月だが加入継続・免除・未徴収条件不足。A/Cは同月取得なら違い得る。B先取りは違う。条件明確な統合先へ。 全文全肢を照合。履歴保持・習熟移行なし。,q-0488,retired
q-0757,退役,,B通常2月だが継続・未徴収・引き切れる条件不足。A/Dは既徴収等で違い得る。C先取りは違う。条件済みの統合先へ。 全文全肢を照合。履歴保持・習熟移行なし。,q-0489,retired
q-0758,退役,,B前月未徴収と退職月。A取得喪失/C前払い/D喪失月も発生は誤り。具体条件と同じ理由を持つ通常コアへ。 全文全肢を照合。履歴保持・習熟移行なし。,q-0489,retired
q-0759,修正,explanation question_text source_keys,入社時加入・継続・免除なしを指定。 全教材の網羅性・全模試横断の承認とは区別。,,complete
q-0760,修正,explanation source_keys,等級表へ当てはめる前に決定方法を確認。 全教材の網羅性・全模試横断の承認とは区別。,,complete
q-0761,修正,explanation source_keys,270000>=270000かつ<290000→280000と独立に表を確認。 全教材の網羅性・全模試横断の承認とは区別。,,complete
q-0762,退役,,D以上含む未満含まず。A両含/B逆/C両除は誤り。27万円境界を実際に当てはめる通常演習へ。 全文全肢を照合。履歴保持・習熟移行なし。,q-0761,retired
q-0763,修正,choices distractor_feedback explanation question_text source_keys,元の正答「手続により変更」が必ず改定との誤読にならないよう修正。 全教材の網羅性・全模試横断の承認とは区別。,,complete
q-0764,退役,,A取得時報酬。B実績12月待ち/C基本給だけ/D他社前年は違う。契約報酬を取得時に見込む同じ技能へ。 全文全肢を照合。履歴保持・習熟移行なし。,q-0533,retired
q-0765,退役,,C4〜6/9適用。A1〜3/4、B7〜9/10、D10〜12/1は違う。目的・月・期間を含む通常コアへ。 全文全肢を照合。履歴保持・習熟移行なし。,q-0462,retired
q-0766,退役,,A固定3月2等級。B非固定1月/C非固定2月/D6月は違う。原問の増減方向の不足を統合先で解消。 全文全肢を照合。履歴保持・習熟移行なし。,q-0474,retired
q-0767,退役,,B4月目。A3/C変動月/D翌月は違う。変動支給月から3月判定・4月目適用を説明する通常演習へ。 全文全肢を照合。履歴保持・習熟移行なし。,q-0474,retired
q-0768,修正,distractor_feedback explanation source_keys,非固定の残業量だけを模試全肢で説明。 全模試横断や網羅性の承認とは別。,,complete
q-0769,修正,explanation question_text source_keys,1等級特例を除き通常の同方向判定へ限定。 全模試横断や網羅性の承認とは別。,,complete
q-0770,修正,explanation question_text source_keys,引下げ支給月起点の3月と同方向を指定。 全模試横断や網羅性の承認とは別。,,complete
q-0771,退役,,D逆方向。A平均だけ/B方向無視/C固定だけで下げるは誤り。同じ方向不一致の判断へ。 全文全肢を照合。履歴保持・習熟移行なし。,q-0528,retired
q-0772,退役,,C4〜6。A7〜9/B1〜3/D10〜12は違う。 全文全肢を照合。履歴保持・習熟移行なし。,q-0462,retired
q-0773,修正,distractor_feedback explanation question_text source_keys,元は全月不足やパート15日の場合を区別できなかったため2月充足を指定。 全模試横断や網羅性の承認とは別。,,complete
q-0774,退役,,C4/6。A片方だけ/B不足5含む/D全ては違う。20>=17、16<17、19>=17を独立照合、充足2月の同じ技能へ。 全文全肢を照合。履歴保持・習熟移行なし。,q-0549,retired
q-0775,修正,explanation question_text source_keys,日数特例・年間平均等を除外して従前額の場面を限定。 全模試横断や網羅性の承認とは別。,,complete
q-0776,退役,,C9〜翌8。A7〜6/B暦年/D10〜9は違う。 全文全肢を照合。履歴保持・習熟移行なし。,q-0462,retired
q-0777,修正,explanation question_text,労使合計額を求める率と上限を明示。 全模試横断や網羅性の承認とは別。,,complete
q-0778,修正,distractor_feedback explanation question_text,標準賞与を用いる制度と本人率を明示。 全模試横断や網羅性の承認とは別。,,complete
q-0779,修正,choices explanation question_text,複数正解を修正し、月額と賞与額の混同を問う肢へ。 全模試横断や網羅性の承認とは別。,,complete
q-0780,修正,explanation question_text source_keys,賞与月内の年齢資格変動なし、国内住所・協会・免除なしを指定。 全模試横断や網羅性の承認とは別。,,complete
q-0781,修正,explanation question_text source_keys,免除・上限到達・健保組合固有の取扱いを除外。 全模試横断や網羅性の承認とは別。,,complete
q-0782,修正,explanation source_keys study_tier,通常コアに賞与総額×雇用本人率の技能を補充。 全模試横断や網羅性の承認とは別。,,complete
q-0783,退役,,C雇用総額。A千切/B健康率/D厚年率は違う。統合先は千切と保険料円処理を明示。 全文全肢を照合。履歴保持・習熟移行なし。,q-0782,retired
q-0784,修正,explanation source_keys,上限到達と雇用継続算定を対比。 全模試横断や網羅性の承認とは別。,,complete
q-0785,修正,explanation question_text,対象年2回賞与に限定。 全模試横断や網羅性の承認とは別。,,complete
q-0786,修正,explanation question_text,同月1回・原則期限とし合算の別取扱いを説明。 全模試横断や網羅性の承認とは別。,,complete
q-0787,修正,explanation question_text,現金1回と出発点の金額を指定し届書単位と区別。 全模試横断や網羅性の承認とは別。,,complete
q-0788,修正,explanation question_text,70歳以上被用者の併記届書名と保険料発生の違いを説明。 全模試横断や網羅性の承認とは別。,,complete
q-0789,修正,explanation question_text,賞与で発生する本人分を支給時に控除。 全模試横断や網羅性の承認とは別。,,complete
q-0790,修正,explanation question_text,通常通知と休日延長除外を指定。 全模試横断や網羅性の承認とは別。,,complete
q-0791,修正,choices explanation question_text source_keys study_tier,後の日付も該当してしまう元の問いを適用開始境界へ限定。コアから通常補強へ。 全模試横断や網羅性の承認とは別。,,complete
q-0792,修正,distractor_feedback explanation question_text source_keys,申出と他免除なしを明示。 全模試横断や網羅性の承認とは別。,,complete
q-0793,修正,distractor_feedback explanation question_text source_keys,2026開始・前後連続なし・他免除なしを指定。 全模試横断や網羅性の承認とは別。,,complete
q-0794,修正,choices explanation question_text source_keys study_tier,6/10〜23の14日・終了翌日6/24同月を独立に照合。通常コアへ。 全模試横断や網羅性の承認とは別。,,complete
q-0795,修正,explanation question_text source_keys,必要申出を明示し健康厚年の双方負担免除を判定。 全模試横断や網羅性の承認とは別。,,complete
q-0796,退役,,A期間と月末。B支給日だけ/C月末無視/D支給前開始だけは不足。同じ判定の具体期間例へ。 全文全肢を照合。履歴保持・習熟移行なし。,q-0794,retired
q-0797,修正,explanation question_text source_keys,賞与から住民税を絶対引かないという誤学習を退職一括の説明で修正。 全模試横断や網羅性の承認とは別。,,complete
q-0798,退役,,A月割通知。B前年賞与12割/C標準と健保率/D賞与別率は違う。通知月額を読む通常コアへ。 全文全肢を照合。履歴保持・習熟移行なし。,q-0399,retired
q-0799,修正,explanation source_keys,所得反映と非課税で税額0の場合を区別。 全模試横断や網羅性の承認とは別。,,complete
q-0800,修正,choices difficulty exam_role explanation question_text role source_keys study_tier,支援金を含む2026年の集計、住民税の例外と指定済額から手取りの最終段階を説明。 全体網羅性・模試難易度の承認とは別。,,complete
q-0801,修正,explanation question_text study_tier topic_key,250999の千円未満999を独立切捨て、250000。既存固定値と照合。 全体網羅性・模試難易度の承認とは別。,,complete
q-0802,修正,explanation question_text source_keys study_tier topic_key,登録式なしで100000×0.02×1.021=2042。2026年9月の提示本税率と表の込み率を区別。 全体網羅性・模試難易度の承認とは別。,,complete
q-0803,修正,choices explanation question_text source_keys,給付の名前だけで除外せず、実態と期間条件を指定。 全体網羅性・模試難易度の承認とは別。,,complete
q-0804,退役,,A通常報酬。B対象外/C年度末/D各回賞与は違う。元の同一性と回数条件不足を統合先で限定。 全文全肢確認済み。同じ判断を問う通常演習へ統合し履歴保持・習熟移行なし。,q-0472,retired
q-0805,退役,,A上限3回。B1/D2は上限でなくC4は月例報酬との境界違い。 全文全肢確認済み。同じ判断を問う通常演習へ統合し履歴保持・習熟移行なし。,q-0471,retired
q-0806,退役,,D実態と回数。A名称/C見出し/B本人希望だけでは決まらない。同じ対償性の具体例へ。 全文全肢確認済み。同じ判断を問う通常演習へ統合し履歴保持・習熟移行なし。,q-0803,retired
q-0807,退役,,B税前千切。A百円四捨五入/C税後/D税後百円切上は違う。 全文全肢確認済み。同じ判断を問う通常演習へ統合し履歴保持・習熟移行なし。,q-0801,retired
q-0808,退役,,B千切。A百切/C万四捨五入/D千切上は違う。 全文全肢確認済み。同じ判断を問う通常演習へ統合し履歴保持・習熟移行なし。,q-0801,retired
q-0809,修正,explanation question_text,同一保険者と基準日を限定、年度の期間を説明。 全体網羅性・模試難易度の承認とは別。,,complete
q-0810,退役,,D4/1〜翌3/31。A6〜5/B暦年/C7〜6は違う。年度の始終を統合先解説で確認。 全文全肢確認済み。同じ判断を問う通常演習へ統合し履歴保持・習熟移行なし。,q-0809,retired
q-0811,修正,explanation question_text,同一保険者・初めて到達・当月1回とし残額が負や0の場合と区別。 全体網羅性・模試難易度の承認とは別。,,complete
q-0812,修正,explanation,同月合算と異月の別枠を説明。 全体網羅性・模試難易度の承認とは別。,,complete
q-0813,退役,,D同月合算150。A各回年度150/B年度573/C各回573は違う。 全文全肢確認済み。同じ判断を問う通常演習へ統合し履歴保持・習熟移行なし。,q-0812,retired
q-0814,退役,,B支給月ごと。A半年/C年度/D四半期は違う。 全文全肢確認済み。同じ判断を問う通常演習へ統合し履歴保持・習熟移行なし。,q-0812,retired
q-0815,修正,choices explanation question_text source_keys,居住者・甲欄・通常例を指定、前月と今回の金額を区別。 全体網羅性・模試難易度の承認とは別。,,complete
q-0816,退役,,D前月社会等後。A総額/B当月/C手取りは違う。 全文全肢確認済み。同じ判断を問う通常演習へ統合し履歴保持・習熟移行なし。,q-0815,retired
q-0817,退役,,A扶養申告書。B健康被扶養/C雇用届/D住民通知は所得税の人数判定根拠でない。 全文全肢確認済み。同じ判断を問う通常演習へ統合し履歴保持・習熟移行なし。,q-0713,retired
q-0818,修正,difficulty exam_role explanation question_text role source_keys,正の保険料等が発生する通常の乗算対象を問う。 全体網羅性・模試難易度の承認とは別。,,complete
q-0819,退役,,B復興加算。A健保上限/C会社分/D住民均等割は違う。年指定がない元の本税加算を2026年の計算例へ。 全文全肢確認済み。同じ判断を問う通常演習へ統合し履歴保持・習熟移行なし。,q-0802,retired
q-0820,退役,,C月額換算。A通常0扱い/B住民年額/D日額は違う。解説は控除後の限定不足。 本文・全肢・正答・解説を照合。主催者が1級の特例として掲げる内容で、2026年公式2級テキスト未入手のため2級必須技能として承認できず配信から除外。法令の誤りだけを退役理由とはしない。統合先なし、履歴保持・ID再利用・習熟移行なし。,,retired
q-0821,退役,,A月額特例。B住民/C最大/D最小は違う。前月給与も社会保険料等控除後で比較する条件が本文に不足。 本文・全肢・正答・解説を照合。主催者が1級の特例として掲げる内容で、2026年公式2級テキスト未入手のため2級必須技能として承認できず配信から除外。法令の誤りだけを退役理由とはしない。統合先なし、履歴保持・ID再利用・習熟移行なし。,,retired
q-0822,退役,,D双方社会保険料等後が意図。A両前/B片方/C片方は違うが、全肢の「控除後」が何を引くか本文で未指定。 本文・全肢・正答・解説を照合。主催者が1級の特例として掲げる内容で、2026年公式2級テキスト未入手のため2級必須技能として承認できず配信から除外。法令の誤りだけを退役理由とはしない。統合先なし、履歴保持・ID再利用・習熟移行なし。,,retired
q-0823,退役,,B6・月額・差額6倍が意図。A算出率/C日額/D住民は違う。給与合算も控除後の金額と限定が必要。 本文・全肢・正答・解説を照合。主催者が1級の特例として掲げる内容で、2026年公式2級テキスト未入手のため2級必須技能として承認できず配信から除外。法令の誤りだけを退役理由とはしない。統合先なし、履歴保持・ID再利用・習熟移行なし。,,retired
q-0824,退役,,C12・12が意図。A6・6/B12・6/D6・12は違う。ただし10倍超の場合は前月給与合算とその税額差引が要り、単に表の税額を12倍では足りない。 本文・全肢・正答・解説を照合。主催者が1級の特例として掲げる内容で、2026年公式2級テキスト未入手のため2級必須技能として承認できず配信から除外。法令の誤りだけを退役理由とはしない。統合先なし、履歴保持・ID再利用・習熟移行なし。,,retired
q-0825,退役,,A6/12月額倍戻し。B算出率/C住民/D日額は違う。除算対象は社会保険料等控除後賞与と明示が必要。 本文・全肢・正答・解説を照合。主催者が1級の特例として掲げる内容で、2026年公式2級テキスト未入手のため2級必須技能として承認できず配信から除外。法令の誤りだけを退役理由とはしない。統合先なし、履歴保持・ID再利用・習熟移行なし。,,retired
q-0826,修正,choices difficulty exam_role explanation question_text role source_keys,支援金を追加し住民税を賞与から絶対控除しない旧解説を修正。 全体網羅性・模試難易度の承認とは別。,,complete
q-0827,修正,distractor_feedback explanation question_text source_keys,率以外の途中値は登録正答を見る前に独立計算。率は登録正答確認後に2026原表画像で独立照合（完全な盲検とはしない）。107000以上250000未満、甲1人2.042%。73450、426550、8710.151→8710。 全体網羅性・模試難易度の承認とは別。,,complete
q-0828,修正,distractor_feedback explanation question_text source_keys,600000、本人34410+690+54900+3000=93000、507000×.02042=10352.94→10352を登録式によらず算出。 全体網羅性・模試難易度の承認とは別。,,complete
q-0829,修正,distractor_feedback explanation question_text reference_sheet_slugs source_keys,300000−(42570+1500+4710)=251220を登録式から独立算出。確定済額を総支給から引く技能。 全体網羅性・模試難易度の承認とは別。 総合計算の不足を解消するため、確定済控除額の提示をやめ、本人保険料・源泉税から自力で算出する形式へ改訂。学習目標と最終正答金額は同じ。,,complete
q-0830,修正,distractor_feedback explanation question_text reference_sheet_slugs role source_keys,320000−45000−1600−6320−12000=255080。非課税18000を本文に補い税額表255400甲0=6320と整合。 全体網羅性・模試難易度の承認とは別。 総合計算の不足を解消するため、確定済控除額の提示をやめ、本人保険料・源泉税から自力で算出する形式へ改訂。学習目標と最終正答金額は同じ。,,complete
q-0831,修正,common_mistake question_text source_keys,300000×.1147/2=17205、×.0023/2=345、×.183/2=27450、合計45000。差額介護2430も独立算出。 全体網羅性・模試難易度の承認とは別。,,complete
q-0832,追加,,欠勤算定と懲戒減額を理由で区別し、限度内なら必ず有効との誤解も防止。 全体網羅性・模試難易度の承認とは別。,,complete
q-0833,追加,,書面直接取得を指定して目的明示の時期・具体性を確認。 全体網羅性・模試難易度の承認とは別。,,complete
q-0834,追加,,2026年9月1日の健康50等級・厚年32等級の上下限を原表画像で確認。 全体網羅性・模試難易度の承認とは別。,,complete
q-0835,追加,,領収書に基づく通常必要な実費弁償と課税非課税の別を確認。 全体網羅性・模試難易度の承認とは別。,,complete
q-0836,追加,,"原表で65≤70<75→45700、駐車min(6000,5000)=5000、55000−50700=4300。4/1以後支払われるべき当月分を明示。 全体網羅性・模試難易度の承認とは別。",,complete
q-0837,追加,,通常の賞与の源泉徴収欄を、提出先と支払者の関係から選ぶ新規模試問題。旧395とは技能が異なるため新規ID・習熟移行なし。,,complete
