objective_id,group,public_scope_item,learning_objective,source_url,source_locator,normal_ids,normal_core_ids,mock_1_ids,mock_2_ids,mock_3_ids,assessment,finding,coverage_approval
official-01,勤怠項目関連,勤怠項目の基礎,勤怠明細の日数・時間を支給や控除の金額と区別する,https://jitsumu-up.jp/about/,2級で身につく知識と出題範囲／勤怠項目関連,q-0034 q-0035 q-0037 q-0039 q-0266 q-0267 q-0269 q-0270 q-0272 q-0274,q-0034 q-0035 q-0037 q-0039 q-0266 q-0267 q-0270,q-0036 q-0038 q-0268,q-0271,q-0275,基本・適用を収録,基本とケースあり。明細の実物を読む複合演習は公式本文との比較未検証。,未検証：公式2026年2級テキストの章内全範囲と照合できない
official-02,勤怠項目関連,勤怠項目に関する法規制等,所定と法定、休憩、休日、時間外の条件を判定する,https://jitsumu-up.jp/about/,2級で身につく知識と出題範囲／勤怠項目関連,q-0034 q-0035 q-0037 q-0039 q-0042 q-0043 q-0046 q-0055 q-0056 q-0057 q-0059 q-0061 q-0062 q-0063 q-0064 q-0068 q-0070 q-0071 q-0073 q-0075 q-0077 q-0078 q-0079 q-0080 q-0114 q-0116 q-0117 q-0118 q-0119 q-0121 q-0122 q-0127 q-0129 q-0130 q-0131 q-0132 q-0133 q-0135 q-0138 q-0140 q-0141,q-0034 q-0035 q-0037 q-0039 q-0042 q-0043 q-0055 q-0056 q-0061 q-0062 q-0063 q-0064 q-0068 q-0073 q-0077 q-0080 q-0114 q-0116 q-0122 q-0127 q-0130 q-0131 q-0132 q-0135 q-0141,q-0036 q-0038 q-0041 q-0060 q-0066 q-0069,q-0067 q-0072 q-0076 q-0115 q-0134,q-0120 q-0139,基本・適用を収録,基本と境界判断あり。変形制等の詳細が2級で要求される深さは公式本文未検証。,未検証：公式2026年2級テキストの章内全範囲と照合できない
official-03,勤怠項目関連,年次有給休暇に関する法規制等,付与条件・日数・取得方法・年5日の義務を判定する,https://jitsumu-up.jp/about/,2級で身につく知識と出題範囲／勤怠項目関連,q-0084 q-0085 q-0088 q-0089 q-0091 q-0092 q-0094 q-0095 q-0096 q-0098 q-0099 q-0101 q-0103 q-0104 q-0105 q-0107 q-0109 q-0110 q-0111 q-0142 q-0144,q-0084 q-0085 q-0094 q-0096 q-0105 q-0142 q-0144,,q-0086 q-0097 q-0143 q-0145,q-0093,基本・適用を収録,基本・ケース・比例付与表参照あり。,未検証：公式2026年2級テキストの章内全範囲と照合できない
official-04,勤怠項目関連,法律で義務付けられている休業・休暇の制度,産前産後・育児・介護の休業休暇の対象・期間を区別する,https://jitsumu-up.jp/about/,2級で身につく知識と出題範囲／勤怠項目関連,q-0001 q-0047 q-0048 q-0049 q-0050 q-0051 q-0052 q-0053 q-0054 q-0112 q-0113,q-0048 q-0049 q-0112 q-0113,,,,基本・適用を収録,基本とケースあり。各制度の全例外の出題範囲は公式本文未検証。,未検証：公式2026年2級テキストの章内全範囲と照合できない
official-05,支給項目関連,支給項目の基礎,基本給・手当・総支給を区分し給与明細を読む,https://jitsumu-up.jp/about/,2級で身につく知識と出題範囲／支給項目関連,q-0266 q-0267 q-0269 q-0289 q-0291 q-0294 q-0295 q-0297 q-0298 q-0300 q-0334 q-0686 q-0687 q-0688 q-0692 q-0693 q-0697 q-0698 q-0699 q-0700 q-0702 q-0703 q-0705 q-0706 q-0708 q-0713 q-0717 q-0722 q-0724 q-0725 q-0726 q-0731 q-0732,q-0266 q-0267 q-0291 q-0295 q-0334 q-0686 q-0688 q-0699 q-0706,q-0268 q-0712,q-0292 q-0694 q-0701,q-0299 q-0685,応用・資料参照不足,基本と計算手順あり。現物給与の金額表を読む演習は不足。,未検証：公式2026年2級テキストの章内全範囲と照合できない
official-06,支給項目関連,割増賃金,算定基礎・時間単価・割増率・時間数・端数から金額を求める,https://jitsumu-up.jp/about/,2級で身につく知識と出題範囲／支給項目関連,q-0147 q-0148 q-0149 q-0150 q-0151 q-0152 q-0153 q-0154 q-0155 q-0158 q-0159 q-0161 q-0162 q-0172 q-0173 q-0175 q-0176 q-0178 q-0180 q-0182 q-0184 q-0185 q-0186 q-0190 q-0191 q-0192 q-0193 q-0196 q-0197 q-0209 q-0210 q-0211 q-0217 q-0218 q-0223 q-0224 q-0230 q-0232 q-0236 q-0678,q-0147 q-0148 q-0149 q-0150 q-0161 q-0176 q-0178 q-0180 q-0182 q-0184 q-0224 q-0232 q-0236 q-0678,q-0160 q-0227 q-0677,q-0228 q-0233,q-0177 q-0179 q-0181 q-0183 q-0229,基本・適用を収録,基本・境界・金額計算あり。模試計算が割増へ偏りやすい点はmock-demand-matrix参照。,未検証：公式2026年2級テキストの章内全範囲と照合できない
official-07,支給項目関連,遅刻早退控除・欠勤控除等と減給の制裁など,規程による不就労控除と労基法91条の減給制裁を分けて適用する,https://jitsumu-up.jp/about/,2級で身につく知識と出題範囲／支給項目関連,q-0237 q-0238 q-0239 q-0240 q-0241 q-0242 q-0243 q-0245 q-0832,q-0237 q-0243 q-0832,q-0256,,q-0246 q-0257,基本・適用を収録,通常コア追加と欠勤検算あり。無給の適用条件を明示。,未検証：公式2026年2級テキストの章内全範囲と照合できない
official-08,支給項目関連,非課税通勤費と課税通勤費,交通手段・片道距離・適用日・駐車場加算から課税部分を求める,https://jitsumu-up.jp/about/,2級で身につく知識と出題範囲／支給項目関連,q-0248 q-0250 q-0252 q-0254 q-0836,q-0248 q-0250 q-0252 q-0254 q-0836,q-0249 q-0251 q-0253 q-0255,,,基本・適用を収録,2026年4月改正表・距離境界・加算計算あり。改正の試験採用は公式教材未検証。,未検証：公式2026年2級テキストの章内全範囲と照合できない
official-09,控除項目関連,控除項目の基礎,控除の根拠と総支給から差引支給までの順序を説明する,https://jitsumu-up.jp/about/,2級で身につく知識と出題範囲／控除項目関連,q-0031 q-0310 q-0312 q-0315 q-0317 q-0319 q-0322 q-0323 q-0324 q-0325 q-0326 q-0330 q-0332 q-0333 q-0686 q-0687 q-0688 q-0692 q-0693 q-0697 q-0698 q-0699 q-0700 q-0702 q-0703 q-0705 q-0706 q-0708 q-0713 q-0717 q-0722 q-0724 q-0725 q-0726 q-0731 q-0732 q-0830,q-0031 q-0310 q-0319 q-0323 q-0324 q-0326 q-0333 q-0686 q-0688 q-0699 q-0706 q-0830,q-0030 q-0712,q-0311 q-0694 q-0701,q-0316 q-0685 q-0829,基本・適用を収録,基本・ケース・差引計算あり。全段階を自力で組み立てる総合計算は十分性未検証。,未検証：公式2026年2級テキストの章内全範囲と照合できない
official-10,控除項目関連,社会保険料の控除,保険の対象・標準額・本人率・対象月・丸めから控除額を求める,https://jitsumu-up.jp/about/,2級で身につく知識と出題範囲／控除項目関連,q-0511 q-0512 q-0513 q-0564 q-0566 q-0568 q-0569 q-0570 q-0571 q-0576 q-0588 q-0639 q-0640 q-0738 q-0740 q-0741 q-0742 q-0743 q-0747 q-0748 q-0750 q-0751 q-0753 q-0759 q-0831,q-0513 q-0564 q-0566 q-0568 q-0569 q-0570 q-0571 q-0576 q-0639 q-0640 q-0740 q-0831,q-0565 q-0567 q-0679 q-0735,q-0577 q-0632 q-0734,q-0749,基本・適用を収録,年度・地域・適用月と月額等級表の参照、境界計算あり。,未検証：公式2026年2級テキストの章内全範囲と照合できない
official-11,控除項目関連,所得税の控除,非課税額・社会保険料等控除後額・甲乙・扶養人数から税額表を使う,https://jitsumu-up.jp/about/,2級で身につく知識と出題範囲／控除項目関連,q-0349 q-0351 q-0352 q-0353 q-0354 q-0355 q-0356 q-0357 q-0358 q-0359 q-0360 q-0361 q-0373 q-0374 q-0375 q-0377 q-0378 q-0380 q-0381 q-0384 q-0387 q-0388 q-0390 q-0392 q-0406 q-0408 q-0409 q-0411 q-0412 q-0413 q-0676,q-0349 q-0351 q-0359 q-0373 q-0377 q-0388 q-0390 q-0392 q-0413 q-0676,q-0350 q-0363 q-0376 q-0675,q-0383 q-0389 q-0391 q-0393,q-0404,応用・資料参照不足,基本・甲欄月額の資料参照あり。アプリ月額表は抜粋で、日額表や月額乙欄の数値参照演習は不足。,未検証：公式2026年2級テキストの章内全範囲と照合できない
official-12,控除項目関連,住民税の控除,通知額・年度周期・退職月から徴収方法を判定する,https://jitsumu-up.jp/about/,2級で身につく知識と出題範囲／控除項目関連,q-0364 q-0366 q-0368 q-0369 q-0370 q-0371 q-0372 q-0397 q-0399 q-0419 q-0422 q-0424 q-0425 q-0426 q-0429 q-0430 q-0432 q-0433 q-0436 q-0437,q-0364 q-0369 q-0397 q-0399,,,q-0398 q-0400,基本・適用を収録,基本と退職時ケースあり。税率から毎月再計算しない。,未検証：公式2026年2級テキストの章内全範囲と照合できない
official-13,社会保険の事務手続,標準報酬月額,報酬範囲を集計し保険別の等級と適用時点を選ぶ,https://jitsumu-up.jp/about/,2級で身につく知識と出題範囲／社会保険の事務手続,q-0465 q-0466 q-0467 q-0469 q-0470 q-0471 q-0472 q-0474 q-0476 q-0478 q-0480 q-0481 q-0482 q-0483 q-0484 q-0485 q-0486 q-0487 q-0488 q-0489 q-0490 q-0504 q-0605 q-0760 q-0761 q-0769 q-0770 q-0775 q-0834 q-0835,q-0466 q-0504 q-0760 q-0834 q-0835,q-0458 q-0492 q-0505 q-0763,q-0768,q-0457 q-0464 q-0491 q-0773,応用・資料参照不足,通常基礎2問を補強し、等級50行を画面参照可能にした。現物価額表からの換算演習は不足。,未検証：公式2026年2級テキストの章内全範囲と照合できない
official-14,社会保険の事務手続,資格取得時決定,見込報酬から取得時の標準報酬月額を決める,https://jitsumu-up.jp/about/,2級で身につく知識と出題範囲／社会保険の事務手続,q-0533 q-0534 q-0540 q-0541 q-0542 q-0652 q-0653 q-0654 q-0659 q-0663,q-0533 q-0541 q-0652 q-0659 q-0663,q-0532,q-0536 q-0651,q-0656,基本・適用を収録,基本・取得時期のケースあり。現物支給や報酬形態をまたぐ計算の十分性は未検証。,未検証：公式2026年2級テキストの章内全範囲と照合できない
official-15,社会保険の事務手続,定時決定,提出対象・支払基礎日数・対象月・平均・適用月を判定する,https://jitsumu-up.jp/about/,2級で身につく知識と出題範囲／社会保険の事務手続,q-0462 q-0504 q-0547 q-0548 q-0549 q-0550 q-0551 q-0552 q-0553 q-0554 q-0666,q-0462 q-0504 q-0548 q-0550 q-0554,q-0463 q-0505,q-0544,q-0671,基本・適用を収録,17/15/11日と提出除外のケースあり。報酬範囲から等級決定まで一括で行う資料演習の十分性は未検証。,未検証：公式2026年2級テキストの章内全範囲と照合できない
official-16,社会保険の事務手続,随時改定,固定的変動・3か月・日数・等級差・増減方向で改定を判定する,https://jitsumu-up.jp/about/,2級で身につく知識と出題範囲／社会保険の事務手続,q-0517 q-0518 q-0519 q-0522 q-0525 q-0526 q-0528 q-0530 q-0647,q-0517 q-0526 q-0530,q-0520 q-0531,q-0523,q-0642,基本・適用を収録,基本と境界判断あり。1級で明示された終了時改定・遡り昇給の詳細問題は配信から除外。,未検証：公式2026年2級テキストの章内全範囲と照合できない
official-17,社会保険の事務手続,労働保険の年度更新,確定・概算・賃金範囲・率・年度から年度更新を説明する,https://jitsumu-up.jp/about/,2級で身につく知識と出題範囲／社会保険の事務手続,q-0674 q-0680 q-0684,q-0674 q-0680 q-0684,q-0681,q-0673 q-0682,,応用・資料参照不足,通常コアあり。メリット制は2級採用根拠不足で除外。申告書一式の実資料計算は不足。,未検証：公式2026年2級テキストの章内全範囲と照合できない
official-18,賞与計算,賞与からの社会保険料の控除,標準賞与額・健厚上限・免除・本人率・雇用の実額から控除を計算する,https://jitsumu-up.jp/about/,2級で身につく知識と出題範囲／賞与計算,q-0625 q-0777 q-0779 q-0780 q-0781 q-0782 q-0784 q-0785 q-0786 q-0787 q-0788 q-0789 q-0790 q-0791 q-0794 q-0795 q-0801 q-0803 q-0809 q-0811 q-0812 q-0828,q-0625 q-0780 q-0782 q-0794 q-0795 q-0801 q-0803 q-0828,,q-0626 q-0778 q-0792,q-0793 q-0827,基本・適用を収録,基本・年度月上限・免除境界・本人額の計算あり。,未検証：公式2026年2級テキストの章内全範囲と照合できない
official-19,賞与計算,賞与からの所得税の控除,前月の控除後給与と扶養人数で率を選び今回賞与の控除後額へ乗じる,https://jitsumu-up.jp/about/,2級で身につく知識と出題範囲／賞与計算,q-0394 q-0797 q-0799 q-0800 q-0802 q-0815 q-0818 q-0826 q-0828,q-0394 q-0797 q-0800 q-0815 q-0828,,,q-0827 q-0837,応用・資料参照不足,甲0〜7人以上・乙の全算出率表を参照可能。特例賞与は2級採用根拠不足で除外。,未検証：公式2026年2級テキストの章内全範囲と照合できない
official-20,給与計算実務に関連する労働者保護法令,賃金の支払いに関するルール（労働基準法）,支払5原則・控除・非常時払い・最低賃金等の条件を区別する,https://jitsumu-up.jp/about/,2級で身につく知識と出題範囲／給与計算実務に関連する労働者保護法令,q-0033 q-0302 q-0304 q-0305 q-0307 q-0308 q-0309 q-0310 q-0312 q-0315 q-0317 q-0319 q-0322 q-0323 q-0324 q-0325 q-0326 q-0330 q-0332 q-0333 q-0341 q-0347,q-0033 q-0304 q-0305 q-0307 q-0308 q-0310 q-0319 q-0323 q-0324 q-0326 q-0333 q-0341 q-0347,q-0032,q-0303 q-0311 q-0340,q-0316 q-0344,基本・適用を収録,基本とケースあり。,未検証：公式2026年2級テキストの章内全範囲と照合できない
official-21,給与計算実務に関連する労働者保護法令,労働基準法（賃金の支払のルール以外）,労働条件・就業規則・平均賃金・解雇予告などを適用する,https://jitsumu-up.jp/about/,2級で身につく知識と出題範囲／給与計算実務に関連する労働者保護法令,q-0003 q-0004 q-0005 q-0006 q-0007 q-0008 q-0009 q-0017 q-0018 q-0019 q-0020 q-0021 q-0022 q-0023 q-0024 q-0025 q-0276 q-0278 q-0279 q-0281 q-0282 q-0283 q-0284 q-0335 q-0336 q-0338 q-0339,q-0003 q-0005 q-0022 q-0025 q-0276 q-0282 q-0284 q-0335 q-0336 q-0339,q-0029,q-0280 q-0288 q-0337,q-0002 q-0285,基本・適用を収録,基本・境界・平均と休業手当計算あり。平均賃金の混合給は導入例で補強。,未検証：公式2026年2級テキストの章内全範囲と照合できない
official-22,給与計算実務に関連する労働者保護法令,労働契約法,合意・不利益変更・解雇の有効性を給与処理と区別する,https://jitsumu-up.jp/about/,2級で身につく知識と出題範囲／給与計算実務に関連する労働者保護法令,q-0010 q-0011 q-0012 q-0013 q-0014 q-0015 q-0016 q-0026 q-0027,q-0010 q-0013 q-0014 q-0016 q-0026 q-0027,,,,基本・適用を収録,基本とケースあり。パート関係法令等を含む詳細範囲は公式本文未検証。,未検証：公式2026年2級テキストの章内全範囲と照合できない
official-23,給与計算実務に関連する労働者保護法令,マイナンバー制度,利用目的・取得時の明示・安全管理・廃棄を区別する,https://jitsumu-up.jp/about/,2級で身につく知識と出題範囲／給与計算実務に関連する労働者保護法令,q-0563 q-0833,q-0563 q-0833,q-0261,,q-0262,基本・適用を収録,通常コアを補強。番号の利用目的を法定事務へ限定。,未検証：公式2026年2級テキストの章内全範囲と照合できない
official-24,社会保険制度,社会保険の全体像,制度の目的と加入・給付・負担の主体を分ける,https://jitsumu-up.jp/about/,2級で身につく知識と出題範囲／社会保険制度,q-0450 q-0455 q-0460 q-0461 q-0494 q-0495 q-0496 q-0497 q-0498 q-0499 q-0500 q-0502 q-0503 q-0572 q-0573 q-0575 q-0576 q-0586 q-0587 q-0589 q-0592 q-0593 q-0594 q-0595 q-0596 q-0612 q-0617 q-0621 q-0624 q-0649,q-0455 q-0460 q-0494 q-0503 q-0572 q-0573 q-0576 q-0586 q-0649,,q-0577 q-0650,q-0456 q-0459 q-0493 q-0501,基本・適用を収録,通常説明を拡充。模試だけで基礎を初めて知る経路を避ける。,未検証：公式2026年2級テキストの章内全範囲と照合できない
official-25,社会保険制度,健康保険,医療給付・所得補償・被扶養者・退職後の選択を区別する,https://jitsumu-up.jp/about/,2級で身につく知識と出題範囲／社会保険制度,q-0452 q-0453 q-0454 q-0460 q-0506 q-0508 q-0509 q-0510 q-0511 q-0512 q-0513 q-0580 q-0586 q-0587 q-0588 q-0610 q-0611 q-0629 q-0630,q-0453 q-0460 q-0506 q-0508 q-0513 q-0586 q-0610 q-0611,q-0507,q-0628 q-0632,q-0451 q-0456,基本・適用を収録,基本とケースあり。給付の全制度・全例外の充足は公式本文未検証。,未検証：公式2026年2級テキストの章内全範囲と照合できない
official-26,社会保険制度,厚生年金保険,加入年齢・給付体系・標準額・本人負担を区別する,https://jitsumu-up.jp/about/,2級で身につく知識と出題範囲／社会保険制度,q-0455 q-0461 q-0566 q-0589 q-0592 q-0593 q-0594 q-0595 q-0596 q-0834,q-0455 q-0566 q-0834,q-0458 q-0567,,q-0457 q-0459,基本・適用を収録,通常基礎補強と等級参照あり。,未検証：公式2026年2級テキストの章内全範囲と照合できない
official-27,社会保険制度,雇用保険,加入・届出・保険料負担・基本手当等の給付を区別する,https://jitsumu-up.jp/about/,2級で身につく知識と出題範囲／社会保険制度,q-0555 q-0556 q-0557 q-0558 q-0568 q-0569 q-0578 q-0579,q-0555 q-0558 q-0568 q-0569 q-0578 q-0579,,,,基本・適用を収録,基本とケースあり。給付の全制度・全例外の充足は公式本文未検証。,未検証：公式2026年2級テキストの章内全範囲と照合できない
official-28,社会保険制度,労災保険,業務・通勤災害、給付と全額事業主負担を区別する,https://jitsumu-up.jp/about/,2級で身につく知識と出題範囲／社会保険制度,q-0559 q-0560 q-0561 q-0674 q-0680,q-0559 q-0560 q-0674 q-0680,q-0681,q-0682,,基本知識のみ,基本とケースあり。詳細な給付額計算の必要範囲は公式本文未検証。,未検証：公式2026年2級テキストの章内全範囲と照合できない
